"variable","group","storage_type","non_missing","pct_non_missing","unique_non_missing","min","q1","median","mean","q3","max","example_values"
"LTER","site_id","character",797,100,35,,,,,,,"Amazon | AND | ARC | Australia | BcCZO"
"Shapefile_Name","site_id","character",517,64.9,491,,,,,,,"AL02.3M | Albion | AMAR | Amazon_Manacapuru | Amazon_Obidos"
"Discharge_File_Name","site_id","character",639,80.2,529,,,,,,,"AAGEVEG_Q | ACCOTINK_CREEK_Q | AL02.3M_Q | Alsek_Q | Alsteran Getebro_Q"
"Stream_Name","site_id","character",797,100,797,,,,,,,"AAGEVEG | Aberjona | ACCOTINK CREEK | Adams Stream at Weir | Aiken Creek at F5"
"snow_2002_num_days","snow","numeric",480,60.2,443,1,29.6683448279096,45.0120273823087,48.9041197970501,64.791578451424,156.748973599505,
"snow_2003_num_days","snow","numeric",483,60.6,442,1,28.8853037498892,44.2374091135446,48.2466698370757,64.7099054502124,154.245098193522,
"snow_2004_num_days","snow","numeric",477,59.8,446,1,32.752455276732,46.0238012142528,52.4107068497999,70.4677907032717,179.172752769873,
"snow_2005_num_days","snow","numeric",481,60.4,440,1,31.3290802418612,45.4236315309541,51.9223074000054,71.6832339347791,171.692491095451,
"snow_2006_num_days","snow","numeric",480,60.2,439,1,30.5376286895947,44.0131673093107,51.4961454978804,74.061942687279,165.896952382537,
"snow_2007_num_days","snow","numeric",478,60,443,1,31.7349085307073,45.4636318755714,50.8831027692091,65.9535563073255,153.926352756851,
"snow_2008_num_days","snow","numeric",476,59.7,441,2,34.0598528678526,47.221137425291,51.906745284493,63.2424497586625,162.326608679309,
"snow_2009_num_days","snow","numeric",481,60.4,447,1,34.896373156033,47.7298715343835,53.2169200223231,67.3021934894233,163.687929964236,
"snow_2010_num_days","snow","numeric",479,60.1,445,2,34.1075893950837,49.2346631020052,53.2953917288764,69.1296729473747,162.611618216218,
"snow_2011_num_days","snow","numeric",483,60.6,444,1,31.3636879395795,46.9072607783558,53.2372718388951,70.8396077307783,186.100427333532,
"snow_2012_num_days","snow","numeric",482,60.5,442,1,34.7968969379053,46.8492173757808,51.5907441290247,70.0472691296802,155.914029431199,
"snow_2013_num_days","snow","numeric",485,60.9,444,1,31.8883363747218,46.0183574198364,52.8129077484717,73.6443476385572,164.220842076552,
"snow_2014_num_days","snow","numeric",481,60.4,445,2,31.079910011232,44.4111804440822,48.8061001958152,62.2237280025462,139.039945499406,
"snow_2015_num_days","snow","numeric",480,60.2,443,1,30.3632968610842,46.6572007261827,49.4729057102476,59.8960159079666,131.154715499164,
"snow_2016_num_days","snow","numeric",483,60.6,447,1,29.7099982493237,43.1521608516246,46.9234719511116,59.5864667743979,150.911722941423,
"snow_2017_num_days","snow","numeric",483,60.6,442,1,30.1122497052319,44.9728354978355,49.7410024338255,63.8847301325774,167.487698342019,
"snow_2018_num_days","snow","numeric",480,60.2,444,1,29.5995128784478,45.282404658001,51.2384445014896,72.156522752284,141.62620703778,
"snow_2019_num_days","snow","numeric",479,60.1,443,1,32.415410683686,46.8153922600698,51.229011452402,66.6693442918379,152.653993683533,
"snow_2020_num_days","snow","numeric",479,60.1,440,1,30.423348307896,45.6871317506207,48.793865098941,60.6954755022749,160.576111117009,
"snow_2021_num_days","snow","numeric",485,60.9,445,1,31.208148048206,45.4249684399838,49.673496092508,65.6498409234554,149.93740501847,
"snow_2022_num_days","snow","numeric",482,60.5,448,1,31.1139540007082,45.0513016844288,50.7091938403309,65.8824288688962,156.677462226892,
"snow_2023_num_days","snow","numeric",476,59.7,443,2,27.4916748975502,38.8990257741543,50.5076639644216,72.6711381624059,175.902357292223,
"snow_2024_num_days","snow","numeric",440,55.2,407,1,29.4318249488965,42.141589859756,43.9162403996491,57.9011243831704,138.301966246188,
"snow_2025_num_days","snow","numeric",412,51.7,381,1.08951920771628,33.8264967492095,45.241661492119,49.5579624513611,59.3285892995595,163.174437312846,
"snow_2002_max_prop_area","snow","numeric",480,60.2,411,0.125,0.17072620700663,0.291666666666667,0.371707593130731,0.558712781928196,0.968526315789474,
"snow_2003_max_prop_area","snow","numeric",483,60.6,407,0.125,0.179614181438999,0.292199201757926,0.376710733496436,0.550021253187978,0.957369942196532,
"snow_2004_max_prop_area","snow","numeric",477,59.8,423,0.125,0.174494760479042,0.340073529411765,0.399417144806795,0.594223090999834,0.978233830845771,
"snow_2005_max_prop_area","snow","numeric",481,60.4,410,0.125,0.16890440386681,0.325,0.394645243907529,0.620419435961919,1,
"snow_2006_max_prop_area","snow","numeric",480,60.2,409,0.125,0.16320139480702,0.292937908159098,0.397315793827811,0.661338993453355,0.875,
"snow_2007_max_prop_area","snow","numeric",478,60,421,0.125,0.166789577187808,0.310346743791264,0.398300668354122,0.642730801339404,1,
"snow_2008_max_prop_area","snow","numeric",476,59.7,415,0.125,0.166006222192955,0.317634872310168,0.365552258794465,0.513621261509458,0.928861788617886,
"snow_2009_max_prop_area","snow","numeric",481,60.4,416,0.125,0.234420289855072,0.4375,0.435152966299786,0.601945004429949,0.937138728323699,
"snow_2010_max_prop_area","snow","numeric",479,60.1,421,0.125,0.25,0.474332332490518,0.458759160319058,0.64270662568306,0.941955779612575,
"snow_2011_max_prop_area","snow","numeric",483,60.6,418,0.125,0.179284565541674,0.331913221300985,0.402825516377018,0.574399728087316,1,
"snow_2012_max_prop_area","snow","numeric",482,60.5,423,0.125,0.170759438979618,0.289583333333334,0.384047587955492,0.60047234907412,1,
"snow_2013_max_prop_area","snow","numeric",485,60.9,419,0.125,0.169072948328267,0.361052472858866,0.421295308205454,0.688295477502958,0.994354110207769,
"snow_2014_max_prop_area","snow","numeric",481,60.4,423,0.125,0.169441460794844,0.32259352189781,0.394635429599449,0.562516756490575,1,
"snow_2015_max_prop_area","snow","numeric",480,60.2,423,0.125,0.163984242109242,0.313761114243528,0.372845330686211,0.563032609809203,0.907142857142857,
"snow_2016_max_prop_area","snow","numeric",483,60.6,425,0.125,0.171647791571299,0.282494220395582,0.340078136735665,0.492440160789329,0.955357142857143,
"snow_2017_max_prop_area","snow","numeric",483,60.6,419,0.125,0.174260811419189,0.281195147134744,0.350135570095701,0.486204361442085,1,
"snow_2018_max_prop_area","snow","numeric",480,60.2,421,0.125,0.166175130169696,0.334623645572867,0.387956197146305,0.601616682689502,1,
"snow_2019_max_prop_area","snow","numeric",479,60.1,412,0.125,0.179117682509782,0.301728365212713,0.375905001018813,0.561680169753086,0.912486401547202,
"snow_2020_max_prop_area","snow","numeric",479,60.1,414,0.125,0.162255010315355,0.273911574304617,0.35216473951789,0.53527701717396,0.932341650671785,
"snow_2021_max_prop_area","snow","numeric",485,60.9,421,0.125,0.164514462809917,0.325,0.3904433287606,0.611455908973364,0.929577464788732,
"snow_2022_max_prop_area","snow","numeric",482,60.5,428,0.125,0.217882263248093,0.382830701461037,0.422787329354142,0.618713341635686,1,
"snow_2023_max_prop_area","snow","numeric",476,59.7,419,0.125,0.161760542766852,0.338117886543624,0.405082952914722,0.638892558173266,0.965860543179738,
"snow_2024_max_prop_area","snow","numeric",440,55.2,388,0.125,0.189874810261827,0.300601976208749,0.368470471935882,0.531211151540272,0.883928571428571,
"snow_2025_max_prop_area","snow","numeric",412,51.7,375,0.125,0.221755021420305,0.357262695127922,0.379819114196888,0.496619023346933,0.99702380952381,
"snow_jan_num_days","snow","numeric",478,60,440,1,4.18754057736069,4.9621724348618,6.04999577695997,7.51187971844556,17.019315081934,
"snow_feb_num_days","snow","numeric",481,60.4,447,1,3.72547678493618,5.08453111946533,6.08075990795552,8.30461992497064,14.4712813276238,
"snow_mar_num_days","snow","numeric",484,60.7,447,0,3.96393587948396,4.68925039931387,6.62975052048372,9.86892218387631,15.2487729770053,
"snow_apr_num_days","snow","numeric",484,60.7,429,0.5,3.72529443912816,3.89129316102186,5.55939306479366,7.01929567035274,17.7913805759458,
"snow_may_num_days","snow","numeric",472,59.2,393,1,3.8915639842436,4,4.77851957652364,4.48561337075146,16.1476984025088,
"snow_jun_num_days","snow","numeric",482,60.5,383,0,3.52714249462261,3.78939815660434,4.22264601185092,4.09382416740188,16.6273705269792,
"snow_jul_num_days","snow","numeric",479,60.1,395,0,3.75117994942372,3.93927494093086,4.02996704073532,4.31217218981983,13.1125121181624,
"snow_aug_num_days","snow","numeric",481,60.4,407,0,3.81108122136367,3.97717817333631,3.97517516856226,4.11679101943808,10.3103265020891,
"snow_sep_num_days","snow","numeric",482,60.5,424,1,3.61103831270686,3.7724524936471,3.79355517053619,3.97555809656575,8.27187636117983,
"snow_oct_num_days","snow","numeric",484,60.7,427,1,3.95397793398487,4.0499284571669,4.62430841718443,4.94129358172263,11.6622546457272,
"snow_nov_num_days","snow","numeric",486,61,443,1,3.91873248415192,4.17014013895811,5.22034447397575,5.81805557738851,13.6517383387025,
"snow_dec_num_days","snow","numeric",467,58.6,409,0,4.44572567393259,5.25544301565825,5.90802992319777,7.33179996560027,15.833323603586,
"snow_jan_avg_prop_area","snow","numeric",478,60,439,0.0967741935483871,0.137593428159241,0.16931325729545,0.205155309535847,0.251131325710162,0.549010163933354,
"snow_feb_avg_prop_area","snow","numeric",481,60.4,448,0.0909090909090909,0.133266546994009,0.181590397123762,0.218424440876386,0.296593568748952,0.516831475986566,
"snow_mar_avg_prop_area","snow","numeric",484,60.7,450,0,0.128036335391044,0.154775506940584,0.216237449903565,0.318352328512139,0.491895902484042,
"snow_apr_avg_prop_area","snow","numeric",484,60.7,431,0.0833333333333333,0.124894933554767,0.131487787611594,0.18855948273055,0.233976522345091,0.593046019198193,
"snow_may_avg_prop_area","snow","numeric",472,59.2,396,0.108695652173913,0.125918430845813,0.129032258064516,0.159346438865509,0.155334284251334,0.520893496855123,
"snow_jun_avg_prop_area","snow","numeric",482,60.5,389,0,0.120624028769502,0.126857719345983,0.14806996589906,0.140321563811015,0.554245684232641,
"snow_jul_avg_prop_area","snow","numeric",479,60.1,410,0,0.121998741892694,0.12808810086087,0.134274215352845,0.140246447101286,0.422984261876206,
"snow_aug_avg_prop_area","snow","numeric",481,60.4,420,0,0.124881100082713,0.128961596795879,0.133821324770255,0.133856181840643,0.332591177486744,
"snow_sep_avg_prop_area","snow","numeric",482,60.5,430,0.0714285714285714,0.1208171581734,0.126095678261517,0.130192682948839,0.133170089142749,0.275729212039328,
"snow_oct_avg_prop_area","snow","numeric",484,60.7,429,0.0869565217391304,0.127995851333661,0.130957246259266,0.152071712567947,0.159396567152343,0.376201762765393,
"snow_nov_avg_prop_area","snow","numeric",486,61,443,0.0714285714285714,0.130833080369848,0.14010610792188,0.17919539191503,0.206149554330639,0.455057944623418,
"snow_dec_avg_prop_area","snow","numeric",467,58.6,408,0,0.135391695627869,0.158282742049271,0.17936030930821,0.215641175458832,0.465685988340766,
"greenup_cycle0_2001MMDD","greenup","character",485,60.9,128,,,,,,,"2000-10-21 | 2000-11-07 | 2000-11-28 | 2000-12-05 | 2001-01-11"
"greenup_cycle1_2001MMDD","greenup","character",484,60.7,139,,,,,,,"2001-04-08 | 2001-04-10 | 2001-04-17 | 2001-05-04 | 2001-05-06"
"greenup_cycle0_2002MMDD","greenup","character",485,60.9,136,,,,,,,"2001-10-10 | 2001-10-12 | 2001-10-22 | 2001-11-07 | 2001-11-18"
"greenup_cycle1_2002MMDD","greenup","character",484,60.7,143,,,,,,,"2002-04-28 | 2002-04-29 | 2002-05-03 | 2002-05-06 | 2002-05-07"
"greenup_cycle0_2003MMDD","greenup","character",485,60.9,130,,,,,,,"2002-11-19 | 2002-11-23 | 2002-11-28 | 2002-12-05 | 2002-12-10"
"greenup_cycle1_2003MMDD","greenup","character",484,60.7,130,,,,,,,"2003-03-24 | 2003-04-06 | 2003-04-20 | 2003-04-23 | 2003-04-24"
"greenup_cycle0_2004MMDD","greenup","character",485,60.9,138,,,,,,,"2003-10-26 | 2003-11-01 | 2003-11-11 | 2003-11-12 | 2003-11-19"
"greenup_cycle1_2004MMDD","greenup","character",484,60.7,132,,,,,,,"2004-04-01 | 2004-04-03 | 2004-04-11 | 2004-04-24 | 2004-04-28"
"greenup_cycle0_2005MMDD","greenup","character",485,60.9,141,,,,,,,"2004-10-20 | 2004-10-26 | 2004-11-02 | 2004-11-26 | 2004-12-03"
"greenup_cycle1_2005MMDD","greenup","character",484,60.7,135,,,,,,,"2005-03-22 | 2005-03-23 | 2005-04-08 | 2005-04-27 | 2005-04-29"
"greenup_cycle0_2006MMDD","greenup","character",485,60.9,111,,,,,,,"2005-11-02 | 2005-11-05 | 2005-11-11 | 2005-11-13 | 2005-11-24"
"greenup_cycle1_2006MMDD","greenup","character",484,60.7,120,,,,,,,"2006-04-24 | 2006-04-29 | 2006-05-05 | 2006-05-06 | 2006-05-08"
"greenup_cycle0_2007MMDD","greenup","character",485,60.9,119,,,,,,,"2006-11-07 | 2006-11-15 | 2006-11-21 | 2006-11-24 | 2006-11-29"
"greenup_cycle1_2007MMDD","greenup","character",484,60.7,123,,,,,,,"2007-03-21 | 2007-04-29 | 2007-05-04 | 2007-05-05 | 2007-05-10"
"greenup_cycle0_2008MMDD","greenup","character",485,60.9,131,,,,,,,"2007-10-03 | 2007-10-20 | 2007-10-27 | 2007-11-27 | 2007-12-12"
"greenup_cycle1_2008MMDD","greenup","character",484,60.7,134,,,,,,,"2008-04-18 | 2008-04-24 | 2008-04-25 | 2008-04-29 | 2008-05-06"
"greenup_cycle0_2009MMDD","greenup","character",485,60.9,117,,,,,,,"2008-09-29 | 2008-10-27 | 2008-10-30 | 2008-11-25 | 2008-11-26"
"greenup_cycle1_2009MMDD","greenup","character",484,60.7,131,,,,,,,"2009-03-25 | 2009-04-03 | 2009-04-17 | 2009-04-25 | 2009-04-27"
"greenup_cycle0_2010MMDD","greenup","character",485,60.9,118,,,,,,,"2009-11-12 | 2009-11-20 | 2009-11-26 | 2009-12-04 | 2009-12-05"
"greenup_cycle1_2010MMDD","greenup","character",484,60.7,132,,,,,,,"2010-04-20 | 2010-04-24 | 2010-04-25 | 2010-04-26 | 2010-04-27"
"greenup_cycle0_2011MMDD","greenup","character",485,60.9,139,,,,,,,"2010-10-27 | 2010-11-10 | 2010-11-22 | 2010-12-16 | 2010-12-26"
"greenup_cycle1_2011MMDD","greenup","character",484,60.7,131,,,,,,,"2011-04-10 | 2011-04-14 | 2011-04-23 | 2011-05-05 | 2011-05-08"
"greenup_cycle0_2012MMDD","greenup","character",485,60.9,139,,,,,,,"2011-09-26 | 2011-09-30 | 2011-10-08 | 2011-10-14 | 2011-10-20"
"greenup_cycle1_2012MMDD","greenup","character",484,60.7,130,,,,,,,"2012-04-12 | 2012-04-21 | 2012-04-25 | 2012-04-27 | 2012-04-28"
"greenup_cycle0_2013MMDD","greenup","character",485,60.9,121,,,,,,,"2012-10-07 | 2012-10-21 | 2012-11-18 | 2012-11-21 | 2012-11-28"
"greenup_cycle1_2013MMDD","greenup","character",484,60.7,146,,,,,,,"2013-04-14 | 2013-04-17 | 2013-04-24 | 2013-04-27 | 2013-04-29"
"greenup_cycle0_2014MMDD","greenup","character",485,60.9,108,,,,,,,"2013-10-27 | 2013-11-06 | 2013-12-07 | 2013-12-28 | 2013-12-29"
"greenup_cycle1_2014MMDD","greenup","character",484,60.7,135,,,,,,,"2014-04-06 | 2014-04-11 | 2014-04-22 | 2014-05-01 | 2014-05-05"
"greenup_cycle0_2015MMDD","greenup","character",485,60.9,117,,,,,,,"2014-10-09 | 2014-11-07 | 2014-11-13 | 2014-11-16 | 2014-11-29"
"greenup_cycle1_2015MMDD","greenup","character",484,60.7,143,,,,,,,"2015-03-24 | 2015-04-13 | 2015-04-20 | 2015-04-24 | 2015-04-25"
"greenup_cycle0_2016MMDD","greenup","character",485,60.9,118,,,,,,,"2015-10-10 | 2015-11-05 | 2015-11-06 | 2015-11-14 | 2015-12-15"
"greenup_cycle1_2016MMDD","greenup","character",484,60.7,142,,,,,,,"2016-04-06 | 2016-04-14 | 2016-04-16 | 2016-04-18 | 2016-04-19"
"greenup_cycle0_2017MMDD","greenup","character",485,60.9,122,,,,,,,"2016-10-01 | 2016-10-02 | 2016-11-23 | 2016-12-12 | 2016-12-21"
"greenup_cycle1_2017MMDD","greenup","character",484,60.7,133,,,,,,,"2017-04-12 | 2017-04-30 | 2017-05-03 | 2017-05-08 | 2017-05-10"
"greenup_cycle0_2018MMDD","greenup","character",485,60.9,121,,,,,,,"2017-10-28 | 2017-11-01 | 2017-11-29 | 2017-12-04 | 2017-12-15"
"greenup_cycle1_2018MMDD","greenup","character",484,60.7,111,,,,,,,"2018-04-25 | 2018-04-26 | 2018-04-27 | 2018-04-29 | 2018-05-01"
"greenup_cycle0_2019MMDD","greenup","character",485,60.9,125,,,,,,,"2018-10-21 | 2018-10-22 | 2018-12-12 | 2018-12-15 | 2018-12-16"
"greenup_cycle1_2019MMDD","greenup","character",484,60.7,127,,,,,,,"2019-04-15 | 2019-04-22 | 2019-04-24 | 2019-04-25 | 2019-04-26"
"greenup_cycle0_2020MMDD","greenup","character",485,60.9,129,,,,,,,"2019-11-29 | 2019-12-02 | 2019-12-06 | 2019-12-12 | 2019-12-15"
"greenup_cycle1_2020MMDD","greenup","character",484,60.7,132,,,,,,,"2020-04-04 | 2020-04-05 | 2020-04-15 | 2020-04-26 | 2020-05-02"
"greenup_cycle0_2021MMDD","greenup","character",485,60.9,118,,,,,,,"2020-11-02 | 2020-11-05 | 2020-11-09 | 2020-11-29 | 2020-12-22"
"greenup_cycle1_2021MMDD","greenup","character",484,60.7,132,,,,,,,"2021-04-18 | 2021-04-27 | 2021-05-02 | 2021-05-04 | 2021-05-05"
"greenup_cycle0_2022MMDD","greenup","character",485,60.9,124,,,,,,,"2021-10-11 | 2021-10-26 | 2021-11-04 | 2021-11-20 | 2021-11-29"
"greenup_cycle1_2022MMDD","greenup","character",484,60.7,127,,,,,,,"2022-04-12 | 2022-04-19 | 2022-04-23 | 2022-04-25 | 2022-05-06"
"greenup_cycle0_2023MMDD","greenup","character",304,38.1,94,,,,,,,"2022-12-24 | 2023-01-07 | 2023-01-23 | 2023-01-30 | 2023-02-01"
"greenup_cycle1_2023MMDD","greenup","character",303,38,99,,,,,,,"2023-04-20 | 2023-04-25 | 2023-04-30 | 2023-05-04 | 2023-05-05"
"evapotrans_2001_kg_m2","evapotranspiration","numeric",488,61.2,460,198.225245143775,383.569369812236,478.16762558344,526.691434287596,608.64567035443,1588.48375652911,
"evapotrans_2002_kg_m2","evapotranspiration","numeric",488,61.2,460,161.001689154372,398.241098728883,480.46092331644,522.308664154763,618.098969899822,1640.75,
"evapotrans_2003_kg_m2","evapotranspiration","numeric",488,61.2,460,161.8,386.265363128492,484.559594293662,523.950637554237,577.58415420395,1607.34568702655,
"evapotrans_2004_kg_m2","evapotranspiration","numeric",488,61.2,460,138.1,376.193100416203,487.72803449778,532.397794389026,621.915404835156,1629.48533548008,
"evapotrans_2005_kg_m2","evapotranspiration","numeric",488,61.2,460,158.55,404.180592345611,492.161914896561,540.487078342438,621.994071146245,1585.87458842672,
"evapotrans_2006_kg_m2","evapotranspiration","numeric",488,61.2,460,140.825,390.356958902248,487.883216144456,526.255463499387,604.147015638898,1598.29528878497,
"evapotrans_2007_kg_m2","evapotranspiration","numeric",488,61.2,460,157.575,390.757763600145,498.09523202944,530.819109551436,610.548806154091,1582.82988794542,
"evapotrans_2008_kg_m2","evapotranspiration","numeric",488,61.2,460,177.425,371.664045249648,490.935016248328,525.54988278108,599.457129632692,1586.33208972571,
"evapotrans_2009_kg_m2","evapotranspiration","numeric",488,61.2,460,154.075,387.20047455389,488.367579732561,529.701603521993,611.60200748351,1653.6327470807,
"evapotrans_2010_kg_m2","evapotranspiration","numeric",488,61.2,460,206.6,411.019884825304,497.73299652359,543.976433005694,616.8696420956,1605.35510740558,
"evapotrans_2011_kg_m2","evapotranspiration","numeric",488,61.2,460,145.013114966955,407.452778233432,500.682457409544,543.982909512258,635.229055478665,1591.26212261055,
"evapotrans_2012_kg_m2","evapotranspiration","numeric",488,61.2,460,160.776676376007,376.490298707567,473.041109504317,521.451629089783,605.1991727568,1619.65,
"evapotrans_2013_kg_m2","evapotranspiration","numeric",488,61.2,460,195.436489662366,407.911232616684,491.445856247737,539.901123406647,620.511738313443,1562.07029151968,
"evapotrans_2014_kg_m2","evapotranspiration","numeric",488,61.2,459,203.424095068367,400.922354132032,495.758529269679,539.824792865968,616.114777067856,1638.73375345257,
"evapotrans_2015_kg_m2","evapotranspiration","numeric",488,61.2,460,227.64668265634,397.077707924034,487.967259965118,538.482255536927,629.546767830868,1610.93814299779,
"evapotrans_2016_kg_m2","evapotranspiration","numeric",488,61.2,460,216.870971620898,408.25711905179,498.302846891374,549.423679168521,641.766602151641,1646.50812447015,
"evapotrans_2017_kg_m2","evapotranspiration","numeric",488,61.2,460,210.146786195468,374.652441361962,496.12388925182,538.458717745614,629.893787553782,1603.30582738642,
"evapotrans_2018_kg_m2","evapotranspiration","numeric",488,61.2,460,190.189446267678,405.079160618248,486.098481930935,541.289018669308,626.280887889805,1610.24406773867,
"evapotrans_2019_kg_m2","evapotranspiration","numeric",488,61.2,460,165.597311793617,389.748229876114,495.209768860156,540.256287254534,634.426607166129,1610.02686541144,
"evapotrans_2020_kg_m2","evapotranspiration","numeric",488,61.2,460,170.75,397.902194052663,502.884324457946,546.344719008683,632.102777777778,1624.86552321766,
"evapotrans_2021_kg_m2","evapotranspiration","numeric",488,61.2,460,199.275,410.316560304607,518.086549572103,556.756082950736,633.563636363636,1575.29375,
"evapotrans_2022_kg_m2","evapotranspiration","numeric",488,61.2,460,202.948278503694,408.666688095927,502.368080984105,550.25995103467,639.053329218361,1544.486519266,
"evapotrans_2023_kg_m2","evapotranspiration","numeric",445,55.8,417,174.466666666667,408.404875411862,514.061690885073,550.939077718938,613.864849795779,1559.69252365521,
"evapotrans_jan_kg_m2","evapotranspiration","numeric",489,61.4,461,10.4501966630976,24.4747099903815,38.5030439121757,61.2064851293109,64.7104166666667,364.880411392405,
"evapotrans_feb_kg_m2","evapotranspiration","numeric",489,61.4,461,13.32826066222,38.0252033212434,54.5677037663007,73.5368027162861,80.6833180508253,362.5432660852,
"evapotrans_mar_kg_m2","evapotranspiration","numeric",489,61.4,461,25.3460674290194,62.697620977958,91.8142379679144,101.42565452907,110.130696202532,405.494369369369,
"evapotrans_apr_kg_m2","evapotranspiration","numeric",489,61.4,461,22.2596684761998,72.5826785714286,94.2136363636364,100.000877276459,109.800335552147,331.23125,
"evapotrans_may_kg_m2","evapotranspiration","numeric",489,61.4,461,31.0443239520696,144.237466001631,179.900365620447,179.958299522613,215.349398395722,430.5875,
"evapotrans_jun_kg_m2","evapotranspiration","numeric",489,61.4,461,12.1125,197.157562036509,252.029313025847,233.844277638575,286.013665254237,414.8375,
"evapotrans_jul_kg_m2","evapotranspiration","numeric",489,61.4,461,28.4983862763439,204.723008196721,260.583240066676,246.500120201994,306.758098591549,432.65,
"evapotrans_aug_kg_m2","evapotranspiration","numeric",489,61.4,461,28.74369084946,151.744731064764,184.596407649243,200.325564353544,262.904169419979,447.302021554746,
"evapotrans_sep_kg_m2","evapotranspiration","numeric",489,61.4,461,22.6393414281119,79.0908829234224,115.593981512112,131.727216621448,160.415568142398,461.658097379468,
"evapotrans_oct_kg_m2","evapotranspiration","numeric",489,61.4,461,11.9493609242372,35.960488597613,51.9890131575593,64.8565148425568,67.1069475211991,326.600818189898,
"evapotrans_nov_kg_m2","evapotranspiration","numeric",489,61.4,461,7.27166666666667,33.2034939149033,48.9702647278151,67.1904394322441,68.1401835144556,390.767310476318,
"evapotrans_dec_kg_m2","evapotranspiration","numeric",489,61.4,461,6.23033333333333,22.9784155108185,36.1708135824489,59.716369629078,61.3850714567317,358.860639844327,
"npp_2001_kgC_m2_year","npp","numeric",489,61.4,460,0,0.436066481609008,0.55161869936744,0.596830558379926,0.70194115755627,1.77135,
"npp_2002_kgC_m2_year","npp","numeric",489,61.4,461,0.00296,0.427021413026789,0.570744712286159,0.596177923610182,0.685831578947368,1.82115,
"npp_2003_kgC_m2_year","npp","numeric",489,61.4,461,0.1231,0.438928891254706,0.580935903983657,0.607281527047403,0.74539750371471,1.6779625,
"npp_2004_kgC_m2_year","npp","numeric",489,61.4,461,0.11066,0.46826974374807,0.577083466613355,0.623141532062821,0.731950245700246,1.768025,
"npp_2005_kgC_m2_year","npp","numeric",489,61.4,461,0.130502167617376,0.462263808064461,0.58432001588843,0.613406031176978,0.719935263677425,1.58965992776089,
"npp_2006_kgC_m2_year","npp","numeric",489,61.4,461,0.13586,0.449736838288615,0.592760867336477,0.608512723046247,0.694092307692308,1.723056,
"npp_2007_kgC_m2_year","npp","numeric",489,61.4,461,0.02688,0.462462526023595,0.592677831445703,0.622485755733865,0.74031178807947,1.6887375,
"npp_2008_kgC_m2_year","npp","numeric",489,61.4,461,0.137925192307692,0.453890167233567,0.593793041610255,0.620007465801671,0.733235861713106,1.7595375,
"npp_2009_kgC_m2_year","npp","numeric",489,61.4,461,0,0.476238386253901,0.601344775671185,0.626225277442974,0.739395855249316,1.78225,
"npp_2010_kgC_m2_year","npp","numeric",489,61.4,461,0.08304,0.483556269954861,0.584149336990397,0.619944382990703,0.729748885564665,1.59654248941823,
"npp_2011_kgC_m2_year","npp","numeric",489,61.4,461,0.03984,0.486922999419424,0.59534841624034,0.626414413733922,0.757611461424332,1.6219970316481,
"npp_2012_kgC_m2_year","npp","numeric",489,61.4,461,0.02526,0.440989625393326,0.561719416295095,0.603366287727292,0.711800784655623,1.73015,
"npp_2013_kgC_m2_year","npp","numeric",489,61.4,461,0.0585,0.487697211713605,0.583558537557282,0.625936183661821,0.733457513667478,1.657875,
"npp_2014_kgC_m2_year","npp","numeric",489,61.4,461,0.136921428571429,0.502796406984553,0.604487688172043,0.638844997270319,0.749027253218884,1.710825,
"npp_2015_kgC_m2_year","npp","numeric",489,61.4,461,0.140126055287407,0.474827192048676,0.592743966178836,0.625819264736768,0.744175604171899,1.59155077851304,
"npp_2016_kgC_m2_year","npp","numeric",489,61.4,461,0.01888,0.50655,0.597736363636364,0.63358167552318,0.744246571280168,1.532175,
"npp_2017_kgC_m2_year","npp","numeric",489,61.4,461,0.01296,0.45955889495158,0.597684834437086,0.626160328880422,0.751424758842444,1.699,
"npp_2018_kgC_m2_year","npp","numeric",489,61.4,461,0.08854,0.475238660664041,0.600550272639795,0.625550006160633,0.717812463989449,1.76623333333333,
"npp_2019_kgC_m2_year","npp","numeric",489,61.4,461,0.145487980769231,0.455976091336467,0.587986699767096,0.615833757382243,0.717894827016878,1.781,
"npp_2020_kgC_m2_year","npp","numeric",489,61.4,461,0.0573,0.479827485554956,0.611678834569045,0.632441245379447,0.752119064537311,1.706875,
"npp_2021_kgC_m2_year","npp","numeric",489,61.4,461,0.164259615384615,0.502953724475409,0.585591026815711,0.642347932817821,0.763312058465286,1.78795,
"npp_2022_kgC_m2_year","npp","numeric",489,61.4,461,0.151244221149627,0.488045454545455,0.605613310789762,0.644688303303143,0.756875,1.70105,
"npp_2023_kgC_m2_year","npp","numeric",446,56,418,0,0.493688419049452,0.603694462660061,0.625922838655975,0.750193294075231,1.606025,
"npp_2024_kgC_m2_year","npp","numeric",388,48.7,360,0,0.525725427579421,0.603008018401202,0.618006655093851,0.70065453953384,1.62646890308469,
"temp_1948_degC","air_temperature","numeric",511,64.1,413,-11.625835164388,4.58917134602867,9.10062688191734,8.70792243817137,11.1057791678015,25.8966664632162,
"temp_1949_degC","air_temperature","numeric",498,62.5,412,-12.3182535849961,5.46163611556547,9.71370206346701,9.38008888770598,11.5242120016189,25.3641677856446,
"temp_1950_degC","air_temperature","numeric",498,62.5,412,-12.5217953961434,4.584880448319,8.67840453253855,8.76834939046717,10.8100012246432,25.3329120635987,
"temp_1951_degC","air_temperature","numeric",498,62.5,412,-11.7041146596273,4.29363880157473,8.53979390462242,8.61634527781323,10.754691696167,26.0085458119711,
"temp_1952_degC","air_temperature","numeric",498,62.5,412,-12.5503341555328,4.02765543195939,8.81343824598526,8.66443231704145,11.2972358183818,26.7241671244304,
"temp_1953_degC","air_temperature","numeric",498,62.5,412,-11.6839636045281,5.37550303141278,9.49437770843508,9.39908258692145,11.7130875519344,26.0047946929932,
"temp_1954_degC","air_temperature","numeric",498,62.5,412,-11.9927977124583,4.72083180745445,8.84652792915468,8.95734910157686,11.7491381459421,26.0277095794678,
"temp_1955_degC","air_temperature","numeric",498,62.5,412,-12.3281696707877,3.89980744255916,8.83123613993329,8.48084208937792,11.2156393503532,26.4495839436849,
"temp_1956_degC","air_temperature","numeric",498,62.5,412,-12.2550008138021,3.23739474614464,8.47726084391278,8.22798744354492,11.1848912536783,25.8406260172526,
"temp_1957_degC","air_temperature","numeric",498,62.5,412,-12.1240951951985,4.87508125305178,9.35021317863376,9.06598518778006,11.1745098931449,25.7956246693929,
"temp_1958_degC","air_temperature","numeric",498,62.5,412,-13.0736185620028,3.82926950454714,8.78197822570803,8.67077950395202,10.7076062520345,26.8402095794678,
"temp_1959_degC","air_temperature","numeric",498,62.5,412,-11.3789442749365,5.10333404541018,9.70024303860136,9.33408707257452,11.5862027548848,26.3529169718425,
"temp_1960_degC","air_temperature","numeric",498,62.5,412,-11.323625557748,4.46166678534616,8.97166659037275,8.7404872452835,10.7913027763367,25.6772927602132,
"temp_1961_degC","air_temperature","numeric",498,62.5,412,-12.0270735759863,5.16183120182584,9.16583404541018,9.16075493484192,11.1320826636421,26.2560401916504,
"temp_1962_degC","air_temperature","numeric",498,62.5,412,-11.3030564967418,4.03083190917971,8.12218211609643,8.35043752723675,10.7955205599467,26.3735436757406,
"temp_1963_degC","air_temperature","numeric",498,62.5,412,-11.6075308323973,4.03680530124243,8.14272446793736,8.45182096834344,10.7837491535005,25.6581258138021,
"temp_1964_degC","air_temperature","numeric",498,62.5,412,-13.2551705144929,4.54295819600425,8.91179173787437,8.71975699904231,11.0869928252429,26.4485387166341,
"temp_1965_degC","air_temperature","numeric",498,62.5,412,-13.1604921264136,4.02421950250866,8.39644916534426,8.43538497458203,11.1194069186287,26.1670833587647,
"temp_1966_degC","air_temperature","numeric",498,62.5,412,-12.3027642777035,3.54333140055341,8.76937446594241,8.39693315416455,10.8470001220703,26.3064577738444,
"temp_1967_degC","air_temperature","numeric",498,62.5,412,-12.4755439519349,4.36688885544288,8.95041681925458,8.86288194179187,10.770480246771,25.5916655222575,
"temp_1968_degC","air_temperature","numeric",498,62.5,412,-11.7360832286894,4.16166839599612,8.77500531231918,8.51178971337101,10.7338595809402,26.1206279754639,
"temp_1969_degC","air_temperature","numeric",498,62.5,412,-12.0971756233198,3.7788549423218,8.54812552134198,8.48222402591434,10.5987618363934,25.9902066548666,
"temp_1970_degC","air_temperature","numeric",498,62.5,412,-11.9083276697453,3.93541531032988,8.882190322876,8.55985669892704,10.8046470872054,26.6116666158041,
"temp_1971_degC","air_temperature","numeric",498,62.5,412,-12.1037695238254,4.40864365895592,9.1515606504251,8.69227804975777,10.9795859018962,26.1366668701172,
"temp_1972_degC","air_temperature","numeric",498,62.5,412,-12.0370553266282,4.43138908103663,8.55333099365236,8.69718727160365,10.7248325109482,26.0674975077311,
"temp_1973_degC","air_temperature","numeric",498,62.5,412,-12.3335202786746,4.75088828404747,9.22791824340823,9.03335028462103,11.6771323411893,26.8308368682862,
"temp_1974_degC","air_temperature","numeric",498,62.5,412,-12.0162039332208,4.98081746631201,8.89479153951012,9.04111756518246,11.1210068577696,25.7239592234294,
"temp_1975_degC","air_temperature","numeric",498,62.5,412,-11.7446853134189,5.12499898274742,9.1922915140788,9.14329581265156,11.3560776408079,26.3506275177002,
"temp_1976_degC","air_temperature","numeric",498,62.5,412,-13.0410906960233,3.69796005162328,9.09343681335451,8.56656693794269,10.7820389865633,25.6006249745687,
"temp_1977_degC","air_temperature","numeric",498,62.5,412,-12.3014345954195,4.29937451680504,8.90298529730905,8.9039952474504,11.1344791147444,25.6156281789144,
"temp_1978_degC","air_temperature","numeric",498,62.5,412,-12.1131459707648,3.54994751612348,8.52606763451834,8.38264005147623,10.7552293777466,26.5160429636638,
"temp_1979_degC","air_temperature","numeric",498,62.5,412,-12.4298470938766,4.18327547888243,8.24000193277997,8.43644414431199,10.6631957583957,26.7887512207031,
"temp_1980_degC","air_temperature","numeric",498,62.5,412,-11.5667826735733,4.13194385104711,8.73131819831003,8.77006939217631,11.0676455179851,26.5704157511393,
"temp_1981_degC","air_temperature","numeric",498,62.5,412,-10.9038337878199,4.62381785710655,8.7704190572103,8.90506651400319,11.3678745269775,26.6464579264323,
"temp_1982_degC","air_temperature","numeric",498,62.5,412,-12.7240052954996,4.50583801269534,8.92697917264266,8.88090511169742,10.982192293803,25.990007019043,
"temp_1983_degC","air_temperature","numeric",498,62.5,412,-11.7321939058752,5.34816741943362,9.11666386922203,9.18899410100076,11.1652071634928,26.9770840962728,
"temp_1984_degC","air_temperature","numeric",498,62.5,412,-12.2109018914651,5.0925003051758,8.94527672661678,8.98664043974254,11.0197706255997,26.1881239573161,
"temp_1985_degC","air_temperature","numeric",498,62.5,412,-11.4770102123286,3.06798854404027,8.25121693081328,8.14641804654984,10.887106617077,26.0683354695638,
"temp_1986_degC","air_temperature","numeric",498,62.5,412,-11.6801844876351,4.29359445571901,8.37492367137564,8.76155159731336,11.599820638586,26.9635406494141,
"temp_1987_degC","air_temperature","numeric",498,62.5,412,-13.5440533780945,3.70423490736222,8.89939840108845,8.77904997407681,11.9887481689453,26.6925013224284,
"temp_1988_degC","air_temperature","numeric",498,62.5,412,-11.3018037591204,4.88278551603621,9.09232525295683,9.23986071738039,11.3880942935036,27.1666669209798,
"temp_1989_degC","air_temperature","numeric",498,62.5,412,-11.5256053719744,5.32926266756083,9.36555548773874,9.51470824774181,11.6978946753428,26.4231220245362,
"temp_1990_degC","air_temperature","numeric",498,62.5,412,-11.7941498933489,5.85333150227867,9.8536471684774,9.96237978307017,12.0012823404392,26.7033344268799,
"temp_1991_degC","air_temperature","numeric",498,62.5,412,-10.9328760701804,5.60750986735028,9.03410036298967,9.42959457949229,11.9283889721601,26.7633453369141,
"temp_1992_degC","air_temperature","numeric",498,62.5,412,-12.7984266831571,5.37721910187695,9.05035065544979,9.32013261577877,11.3161346683207,26.7704209645589,
"temp_1993_degC","air_temperature","numeric",498,62.5,412,-13.0813142593008,4.53667093912763,8.43916791280113,8.92356791299753,11.0470666055575,26.8266667683919,
"temp_1994_degC","air_temperature","numeric",498,62.5,412,-11.6254026613513,4.648334757487,9.07430547078453,9.30217197769585,11.5438743167453,26.6958328247071,
"temp_1995_degC","air_temperature","numeric",498,62.5,412,-10.013156692027,5.17833353678388,9.41500498453778,9.49745624547328,11.6375427163166,26.8958374023438,
"temp_1996_degC","air_temperature","numeric",498,62.5,412,-11.0175557782986,4.4629156748454,8.3310428619385,8.75864276742423,11.2036903470062,26.6112501780192,
"temp_1997_degC","air_temperature","numeric",498,62.5,412,-10.992253883413,5.23633371988935,9.44228960673017,9.49875875189094,11.4555309613546,26.8725016276042,
"temp_1998_degC","air_temperature","numeric",498,62.5,412,-12.6858664706783,5.05514297485354,9.91829414367678,9.77819573241268,12.5925218744481,27.2816685994466,
"temp_1999_degC","air_temperature","numeric",498,62.5,410,-12.6855970566171,5.9155204455058,9.76234747992624,9.7912636234007,11.9787541243649,26.6550003051758,
"temp_2000_degC","air_temperature","numeric",498,62.5,411,-10.6453803546743,5.88460784747279,9.38198083241783,9.77713507420091,11.5057913462321,26.6274988810222,
"temp_2001_degC","air_temperature","numeric",498,62.5,411,-11.2155718852476,5.7079156663683,9.34103353052966,9.58405449402508,11.9630567032932,26.9758316040039,
"temp_2002_degC","air_temperature","numeric",498,62.5,412,-10.5538954442513,5.75698019663495,9.68666598002118,9.81634887382094,11.9769884736325,27.0399998982748,
"temp_2003_degC","air_temperature","numeric",498,62.5,412,-10.1017747230444,5.20903543517705,9.57486771477596,9.72341038947495,11.7322829836891,27.1216725667318,
"temp_2004_degC","air_temperature","numeric",498,62.5,411,-11.6643228078582,5.33427422841392,9.52506408691409,9.72145378150266,11.7659340611211,26.7966679890951,
"temp_2005_degC","air_temperature","numeric",498,62.5,412,-10.5566117049863,5.59800156487361,9.61176660325794,9.97718409039405,12.0304780505953,27.1308329264323,
"temp_2006_degC","air_temperature","numeric",498,62.5,412,-11.0152358705832,6.24797163009645,9.99652972751196,10.1239181597481,12.300539278552,26.9308385213216,
"temp_2007_degC","air_temperature","numeric",498,62.5,412,-9.29742243423289,5.70311733881634,9.61333618164065,9.99439713098187,12.1140236851403,26.9375066121419,
"temp_2008_degC","air_temperature","numeric",498,62.5,412,-10.3015935091364,5.53909606933596,9.17528594103646,9.54802581781929,11.46483950842,26.605002339681,
"temp_2009_degC","air_temperature","numeric",498,62.5,412,-10.8953913934012,5.12833302815757,9.18534812927248,9.51971927616334,11.5160718189922,26.9141632080078,
"temp_2010_degC","air_temperature","numeric",498,62.5,412,-10.1556649726509,4.56266495554073,8.7383717854818,9.0785823058253,11.8636343991315,27.0849980672201,
"temp_2011_degC","air_temperature","numeric",498,62.5,411,-10.7369392847321,6.1341501871745,9.87021789550784,9.99044374892671,12.0760552634656,26.6280303955078,
"temp_2012_degC","air_temperature","numeric",498,62.5,409,-10.5443608601888,5.71952802870011,9.74828236897789,9.84894661718169,12.765261983451,26.9035558064779,
"temp_2013_degC","air_temperature","numeric",498,62.5,411,-10.8076023379161,5.42571411132815,8.89793633355037,9.53370079962779,11.4271451449433,26.9621724446615,
"temp_2014_degC","air_temperature","numeric",498,62.5,408,-9.38290946286261,5.60388929578995,9.65250040690106,10.0280883216867,11.9905537923177,27.3741800944011,
"temp_2015_degC","air_temperature","numeric",498,62.5,411,-10.5088767361054,6.63435770670575,9.6297174391404,10.2473069641494,12.2263056753946,27.6014801025391,
"temp_2016_degC","air_temperature","numeric",498,62.5,411,-8.87895100399416,6.16567976209855,9.92294972737632,10.2331739955011,12.6309665821217,27.4551762898763,
"temp_2017_degC","air_temperature","numeric",498,62.5,410,-9.21299326297152,6.00715196397572,9.88665500217016,10.1144231191125,12.563846118532,27.5016723632813,
"temp_2018_degC","air_temperature","numeric",498,62.5,411,-9.68191104351272,6.10520070393882,9.65141301871907,10.0170654261129,12.0957465406129,27.2302032470703,
"temp_2019_degC","air_temperature","numeric",498,62.5,410,-9.47204362156672,5.33751576741539,9.3626961273179,9.81641657683299,11.6480327296902,27.7698074340821,
"temp_2020_degC","air_temperature","numeric",498,62.5,410,-9.50042659068265,6.78373852465529,9.95338263418163,10.4096904260287,12.1198501586915,27.9294855753581,
"temp_2021_degC","air_temperature","numeric",498,62.5,412,-10.8470298967639,5.99935048421226,9.6832697550456,9.8140789284379,12.1033951825466,27.4549582702292,
"temp_2022_degC","air_temperature","numeric",498,62.5,411,-8.07670952248236,7.03944254146283,10.7828992439039,10.717961175085,12.6631663460433,27.0971768183775,
"temp_jan_degC","air_temperature","numeric",511,64.1,414,-33.7755219592419,-7.61795235951739,0.199113787113417,1.44940395029446,5.6678031921387,28.1746585083008,
"temp_feb_degC","air_temperature","numeric",498,62.5,412,-31.4417064603596,-6.51357436988465,2.03654005262589,2.28242489376772,5.77780914306643,27.8414070638021,
"temp_mar_degC","air_temperature","numeric",498,62.5,412,-24.3803585371662,-2.23874715169269,4.80666835361059,4.95641691175398,7.26378748575848,27.8925150967183,
"temp_apr_degC","air_temperature","numeric",498,62.5,412,-13.1333859771797,3.25020973205568,7.95868299211777,8.25975378368398,11.1232388475206,28.3159849350062,
"temp_may_degC","air_temperature","numeric",498,62.5,412,-0.0528479003906023,8.90525956895618,11.3766277737088,11.9521046256655,13.8499931368264,27.2650438004833,
"temp_jun_degC","air_temperature","numeric",498,62.5,412,4.5109704589844,12.0131327311198,14.333105597602,15.2585482797426,18.797261377933,28.3618953450521,
"temp_jul_degC","air_temperature","numeric",498,62.5,412,4.35844011579243,14.1033046976725,16.4835266452366,17.1264873017347,21.0445182745797,30.2786090087891,
"temp_aug_degC","air_temperature","numeric",498,62.5,412,4.84318196614586,13.4332705503521,15.8974458975744,16.5687079565316,20.0142534127972,30.1368906656901,
"temp_sep_degC","air_temperature","numeric",498,62.5,412,-0.230434163411436,10.4651988423666,13.5336518351237,13.8805822934318,16.1012525341558,27.3923494466146,
"temp_oct_degC","air_temperature","numeric",498,62.5,412,-11.0735646886633,5.96160968356665,10.2052573358445,10.0788030483075,12.206226007909,29.023207397461,
"temp_nov_degC","air_temperature","numeric",498,62.5,412,-25.2261898991459,0.308842691594927,5.57758640598609,5.81815724636788,8.64802368164065,29.6213854980469,
"temp_dec_degC","air_temperature","numeric",498,62.5,412,-32.4906948983593,-5.23801411495602,2.26371350675018,2.77082268890739,6.60513929934117,28.9858159320653,
"precip_1979_mm_per_day","precipitation","numeric",511,64.1,255,0.270979056755702,1.94851100693146,2.55281068384647,2.79137567332571,3.67145165304343,7.86629077295462,
"precip_1980_mm_per_day","precipitation","numeric",511,64.1,255,0.239706177885334,1.80284761513273,2.27990993360678,2.51715886759257,2.95709416021904,7.92052755863578,
"precip_1981_mm_per_day","precipitation","numeric",511,64.1,255,0.286617467024674,2.15445351786911,2.61770518869162,2.81683144813149,3.21855313082536,8.79911836209121,
"precip_1982_mm_per_day","precipitation","numeric",511,64.1,255,0.402735501527786,1.81501087572958,2.47190116345882,2.73101898195937,3.36180049894999,8.85555791192585,
"precip_1983_mm_per_day","precipitation","numeric",511,64.1,255,0.324911007036765,2.04835501809915,2.54816404879093,2.88499831061095,3.49801715215047,8.37771236896515,
"precip_1984_mm_per_day","precipitation","numeric",511,64.1,255,0.273569793750842,2.11130308484038,2.46997151027123,2.76855466787208,3.49277116854986,8.93925494858713,
"precip_1985_mm_per_day","precipitation","numeric",511,64.1,255,0.430778097361326,1.93685442209244,2.45959746482826,2.62283956862802,3.22908369451761,8.14307072758675,
"precip_1986_mm_per_day","precipitation","numeric",511,64.1,255,0.339600914468368,2.01622290808397,2.46522393325965,2.73798639192117,3.36142246934275,9.00580999365559,
"precip_1987_mm_per_day","precipitation","numeric",511,64.1,255,0.331867516040802,1.90771157493194,2.31720037509998,2.60015489401601,3.24898800705116,8.60837952958213,
"precip_1988_mm_per_day","precipitation","numeric",511,64.1,255,0.268864289857447,1.9523878529047,2.38602444141482,2.62001692565855,3.22129497478406,8.37899068314018,
"precip_1989_mm_per_day","precipitation","numeric",511,64.1,255,0.29844836020978,1.8579049197336,2.20677660778165,2.60358996118637,3.37962691113353,8.81195423503717,
"precip_1990_mm_per_day","precipitation","numeric",511,64.1,255,0.144712811801583,1.91054380685091,2.43674666682879,2.78665689088489,3.47902910411358,8.62513638626445,
"precip_1991_mm_per_day","precipitation","numeric",511,64.1,255,0.250257692610224,1.89846943815549,2.19887494047483,2.56530251353438,3.2459260962593,7.93656453896653,
"precip_1992_mm_per_day","precipitation","numeric",511,64.1,255,0.262201402336359,2.15825947125753,2.55951660871506,2.74781938730877,3.23548990425965,7.77836535735564,
"precip_1993_mm_per_day","precipitation","numeric",511,64.1,255,0.297735334684451,1.96338372511996,2.51642294228077,2.76283569499554,3.486983542641,8.98201863693468,
"precip_1994_mm_per_day","precipitation","numeric",511,64.1,255,0.230708103316526,1.64128185808659,2.49143369744221,2.66520839080797,3.39289288719495,9.00549963006267,
"precip_1995_mm_per_day","precipitation","numeric",511,64.1,255,0.263966210186481,2.01368484894435,2.33065906291207,2.64802461453586,3.18242025557492,7.91924196572015,
"precip_1996_mm_per_day","precipitation","numeric",511,64.1,255,0.238939444068819,1.78086962985495,2.23169455677271,2.62604506340044,3.13698638478915,8.53339634971185,
"precip_1997_mm_per_day","precipitation","numeric",511,64.1,255,0.285116017796099,1.84536352753639,2.25390114386876,2.55252568361859,3.27812338123719,7.58114742018558,
"precip_1998_mm_per_day","precipitation","numeric",511,64.1,255,0.290661967980365,2.37036761641502,2.74937978759408,2.96499452124298,3.57831820260149,8.18520879203623,
"precip_1999_mm_per_day","precipitation","numeric",511,64.1,255,0.334919632102052,2.02164906660716,2.56065588692824,2.81659029127548,3.45059721171856,8.78843776164232,
"precip_2000_mm_per_day","precipitation","numeric",511,64.1,255,0.172868045629002,2.23174744717674,2.88893126944701,2.95892001723365,3.44834393635392,8.82077088500514,
"precip_2001_mm_per_day","precipitation","numeric",511,64.1,255,0.0840006951863567,2.00225355786581,2.53370188176632,2.61838312236203,3.05593473674395,8.54295974528348,
"precip_2002_mm_per_day","precipitation","numeric",511,64.1,255,0.21744824332806,1.57554146212836,2.61062193910281,2.64348597004715,3.54798433184624,8.94386912792018,
"precip_2003_mm_per_day","precipitation","numeric",511,64.1,255,0.671785737077395,1.79537813055019,2.07557406400641,2.53474052313565,2.93004402518272,8.7374534562782,
"precip_2004_mm_per_day","precipitation","numeric",511,64.1,255,0.350799103577932,2.00438522174954,2.52606785255174,2.76621286214109,3.42936683694522,8.36595428762612,
"precip_2005_mm_per_day","precipitation","numeric",511,64.1,255,0.594406886647145,1.91313434640567,2.26904103408257,2.65878984045062,3.20708855986595,8.31731428702672,
"precip_2006_mm_per_day","precipitation","numeric",511,64.1,255,0.583784174794952,1.84471950183312,2.3651418959101,2.6719064150002,3.42619260152181,9.59410361007408,
"precip_2007_mm_per_day","precipitation","numeric",511,64.1,255,0.41428922334065,2.0258587449789,2.63494189083576,2.78874735829597,3.29272012412548,9.28412381697584,
"precip_2008_mm_per_day","precipitation","numeric",511,64.1,255,0.4280248247087,2.04700925822059,2.69024483213822,2.90580834849287,3.6571679264307,8.75057065707666,
"precip_2009_mm_per_day","precipitation","numeric",511,64.1,255,0.452351598689954,1.76690400826434,2.37982637683551,2.69719405410949,3.62718640019497,9.15280083373741,
"precip_2010_mm_per_day","precipitation","numeric",511,64.1,255,0.481330158809821,1.98065462211768,2.4354928607742,2.65330844092723,2.97790351311366,8.37100037638888,
"precip_2011_mm_per_day","precipitation","numeric",511,64.1,255,0.683632409200072,1.93011060357094,2.39798509081205,2.73596614844574,3.17703112463157,8.54629815076337,
"precip_2012_mm_per_day","precipitation","numeric",511,64.1,255,0.505336694419384,2.1361005610476,2.71241994698842,2.80069165363939,3.39952025810877,8.25418987689596,
"precip_2013_mm_per_day","precipitation","numeric",511,64.1,255,0.450196575373411,1.90187518795331,2.29246832927068,2.59958086392447,3.30442061026891,8.61732726406168,
"precip_2014_mm_per_day","precipitation","numeric",511,64.1,255,0.586915771933491,1.90534303088983,2.55569931368033,2.6411575556912,3.18781618277232,8.68716381435041,
"precip_2015_mm_per_day","precipitation","numeric",511,64.1,255,0.470170634488265,2.06851408382257,2.54672775665919,2.67880672579335,3.21486855112016,8.28653609090381,
"precip_2016_mm_per_day","precipitation","numeric",511,64.1,255,0.434399828314781,2.09293488395356,2.44574024379253,2.58489643802722,3.00059130539497,7.8139812187715,
"precip_2017_mm_per_day","precipitation","numeric",511,64.1,255,0.69242151081562,2.00310440113147,2.37073822754125,2.64291933310506,3.24737147531575,8.38232038418452,
"precip_2018_mm_per_day","precipitation","numeric",511,64.1,255,0.619590772218847,1.52649621399386,2.19293716549873,2.49120384159345,3.27362345655759,8.02551169558005,
"precip_2019_mm_per_day","precipitation","numeric",511,64.1,255,0.526325970577697,1.9111218303442,2.54740546643734,2.68908019105302,3.42773015797138,8.94022864986349,
"precip_2020_mm_per_day","precipitation","numeric",511,64.1,255,0.588674999773502,2.15478264573547,2.65617959698041,2.77333736823399,3.41512703771392,7.80773071448008,
"precip_2021_mm_per_day","precipitation","numeric",511,64.1,255,0.546826840688785,2.01775642148116,2.41081464771802,2.62991848207632,3.12661484773789,8.60256273457498,
"precip_2022_mm_per_day","precipitation","numeric",511,64.1,255,0.389789721928537,1.65625448897481,2.03054851955838,2.38637692073291,2.87944652084951,9.24670442938805,
"precip_jan_mm_per_day","precipitation","numeric",511,64.1,260,0.110361903796721,1.81607822972265,2.5866859167383,2.89441256973297,3.55355137451129,10.5198286483427,
"precip_feb_mm_per_day","precipitation","numeric",511,64.1,260,0.328449092784542,1.62885465048656,2.28069963035258,2.69787067597367,3.34276220744306,11.0083347744756,
"precip_mar_mm_per_day","precipitation","numeric",511,64.1,260,0.348713388327848,1.5732280402021,2.11590491646731,2.5462203669355,3.13579709963365,10.7497104198375,
"precip_apr_mm_per_day","precipitation","numeric",511,64.1,260,0.261297498711699,1.39869232385448,1.95678764109178,2.33234879519824,2.65545691041784,11.4617221179334,
"precip_may_mm_per_day","precipitation","numeric",511,64.1,260,0.140764430914869,1.56424552809481,2.01716220107946,2.44429178724351,3.05820275030353,12.540143430233,
"precip_jun_mm_per_day","precipitation","numeric",511,64.1,260,0.0475066624401072,2.00730165500533,2.42385004054416,2.60584054746772,3.28788477651647,10.8793811621991,
"precip_jul_mm_per_day","precipitation","numeric",511,64.1,260,0.066668738980132,1.8977773923314,2.46725606054745,2.5706157308026,3.16306518429479,9.44942854957663,
"precip_aug_mm_per_day","precipitation","numeric",511,64.1,260,0.0882541639955228,2.13575998863036,2.67218534946442,2.6562619133169,3.26393335290027,11.3107388019562,
"precip_sep_mm_per_day","precipitation","numeric",511,64.1,260,0.249008054952438,2.00218928317455,2.37402426112782,2.6067827550669,3.23408020355485,9.18152823123065,
"precip_oct_mm_per_day","precipitation","numeric",511,64.1,260,0.394741222641409,2.10929442718337,2.72808984268543,2.8747947882365,3.54286425257491,8.72993735379951,
"precip_nov_mm_per_day","precipitation","numeric",511,64.1,260,0.436604933894199,2.09271795054277,2.8112037708593,3.00092355415681,3.59923736716426,9.87548052432925,
"precip_dec_mm_per_day","precipitation","numeric",511,64.1,260,0.170497225717165,1.89915835332385,2.85712689022685,3.08223231655847,3.84337673630825,10.0668902563012,
"elevation_median_m","elevation","numeric",505,63.4,366,14,124,250,512.278217821782,484,3573.5,
"elevation_mean_m","elevation","numeric",505,63.4,476,13.6439790575916,132.263235729074,283.666666666667,540.706305874837,596.909604742046,3583.81818181818,
"elevation_min_m","elevation","numeric",505,63.4,236,-118,8,43,258.186138613861,197,3539,
"elevation_max_m","elevation","numeric",505,63.4,332,17,278,581,1211.39801980198,1561,6139,
"basin_slope_median_degree","basin_slope","numeric",457,57.3,429,0.0251835191259847,0.417197301699691,0.863787253232785,1.78963360153339,1.97692916161173,17.2565073778357,
"basin_slope_mean_degree","basin_slope","numeric",457,57.3,429,0.0269718666890217,0.539631693879307,1.22367648826556,2.15765653692999,2.58826537099439,16.5874180586157,
"basin_slope_min_degree","basin_slope","numeric",457,57.3,231,0,0,1.20915992762318e-15,0.137134057317641,0.0415220007869018,8.13699346869686,
"basin_slope_max_degree","basin_slope","numeric",457,57.3,373,0.0858133311447981,3.07607899422787,6.85946828305625,12.0306719987817,18.3616749229774,49.5042776766825,
"major_land","other","character",484,60.7,10,,,,,,,"cropland | deciduous_broadleaf_forest | deciduous_needleleaf_forest | evergreen_broadleaf_forest | evergreen_needleleaf_forest"
"land_evergreen_needleleaf_forest","other","numeric",266,33.4,214,0.00356341089691052,2.00383108460479,35.766652524081,40.2658723888008,77.2132801675151,100,
"land_tundra","other","numeric",95,11.9,91,0.00025634354136039,0.051404316756538,2.11245133703491,10.4910733138631,14.4189449429415,100,
"land_barren_or_sparsely_vegetated","other","numeric",61,7.7,59,0.00144706910623224,0.0894946991601267,0.298537586302591,1.2511087603772,0.781682772204099,24.2627345844504,
"land_cropland","other","numeric",403,50.6,364,0.00184812966477728,3.66635797354131,44.2130549818712,48.0237267507524,93.6223708183938,100,
"land_evergreen_broadleaf_forest","other","numeric",63,7.9,63,0.00332119059438824,7.98497304551732,22.7730594509184,31.9220772637352,53.0187548367267,99.3402901084492,
"land_mixed_forest","other","numeric",263,33,230,0.00378000378000378,0.944777193709135,5.11823415337442,14.5523806482425,16.8693065189343,100,
"land_shrubland_grassland","other","numeric",258,32.4,235,0.00247524752475248,0.738816738628269,11.7056069672597,23.0786253114112,37.9484677311356,100,
"land_urban_and_built_up_land","other","numeric",304,38.1,291,0.00130748176960223,0.123762376237624,0.761111566070211,4.15598268124421,2.53575372592976,95.5479452054795,
"land_wetland","other","numeric",54,6.8,53,0.000291012373846136,0.0134259793003192,0.12298378588987,2.26991221511412,1.61597729822736,45.8563535911602,
"land_deciduous_broadleaf_forest","other","numeric",284,35.6,255,0.00208672426025625,0.387157781706914,1.90550743083663,13.1368982895044,10.609437151531,100,
"land_deciduous_needleleaf_forest","other","numeric",60,7.5,40,0.00503676840938854,0.347842436777287,1.58786456770251,5.88701745741608,6.04091884730026,49.2781699558913,
"major_rock","lithology","character",502,63,16,,,,,,,"carbonate_evaporite | carbonate_evaporite; metamorphic | metamorphic | plutonic | plutonic; metamorphic"
"rocks_volcanic","lithology","numeric",169,21.2,108,0.232378001549187,6.97674418604651,11.9402985074627,26.163446818658,30,100,
"rocks_sedimentary","lithology","numeric",351,44,150,1.69491525423729,44.1561844863731,65.075034106412,62.8632442274157,89.6117216117216,100,
"rocks_carbonate_evaporite","lithology","numeric",194,24.3,91,0.194552529182879,10.7777777777778,33.3333333333333,36.5045350753395,50,100,
"rocks_metamorphic","lithology","numeric",217,27.2,117,0.390625,6.25,32.5,36.9563193357014,50,100,
"rocks_plutonic","lithology","numeric",227,28.5,123,0.0774593338497289,11.1545138888889,27.2727272727273,38.3787562262591,66.6666666666667,100,
"permafrost_median_m","other","numeric",412,51.7,49,0,0,0,0.0264817910586046,0,1,
"permafrost_mean_m","other","numeric",412,51.7,94,0,0,0,0.030193911665508,0,1,
"permafrost_min_m","other","numeric",412,51.7,13,0,0,0,0.00957475380617534,0,1,
"permafrost_max_m","other","numeric",412,51.7,68,0,0,0,0.124939887722258,0,1,
"major_soil","soil","character",497,62.4,10,,,,,,,"alfisols | andisols | entisols | gelisols | inceptisols"
"soil_inceptisols","soil","numeric",414,51.9,381,3.53590034984198e-05,2.76462411718409,22.6988622612913,30.5071327655634,50.6087182779018,100,
"soil_andisols","soil","numeric",76,9.5,74,4.9983502944853e-06,0.00018924288002153,0.0799581233906307,7.92938681092382,2.41420601853436,100,
"soil_gelisols","soil","numeric",75,9.4,63,6.67582233447098e-06,0.00229114807526309,0.0396961440609155,8.99765744812747,0.669232535284201,98.2120528389767,
"soil_alfisols","soil","numeric",321,40.3,315,2.81800995800179e-05,0.0664451827242525,4.48037521599605,16.9027447638368,29.5592864637985,98.9934834505452,
"soil_aridisols","soil","numeric",59,7.4,59,7.47496916874217e-06,0.000143056105314844,0.0471253534401508,3.53725298986839,3.95220081580606,39.5310308417254,
"soil_entisols","soil","numeric",402,50.4,375,7.54609342516426e-05,0.353166158948681,3.75907926322268,12.0122112824622,12.7518552912842,92.8044280442804,
"soil_histosol","soil","numeric",134,16.8,125,4.67307563412969e-05,0.000655451439637318,0.00784632096713613,0.909692239494004,0.204032082425963,21.7440974866717,
"soil_mollisols","soil","numeric",301,37.8,273,1.40239453256858e-05,0.0668658051919474,2.31628906963065,21.6128279171641,40.9847936278059,100,
"soil_oxisol","soil","numeric",95,11.9,86,2.90734599403046e-06,3.64462887477478,63.9708565088868,52.8560193272304,99.6668885017929,100,
"soil_spodosols","soil","numeric",344,43.2,300,1.82735080000504e-05,0.811062140588955,7.53498976006907,29.2303859091975,61.8133789379281,100,
"soil_ultisols","soil","numeric",132,16.6,126,4.5427336544834e-06,0.0260047822107739,0.747765545780837,29.332488670967,71.6154369475803,100,
"soil_vertisols","soil","numeric",78,9.8,78,1.15247324792661e-05,0.000901418848644384,0.0324640223043312,1.96638898841358,0.452370139422584,45.9006642212749,
"Stream_ID","site_id","character",797,100,797,,,,,,,"Amazon__Amazon River at Itapeua | Amazon__Amazon River at Manacapuru | Amazon__Amazon River at Obidos | Amazon__Amazon River at Santo Antonio do Ica | Amazon__Amazon River at Vargem Grande"
"evapotrans_2024_kg_m2","evapotranspiration","numeric",289,36.3,288,184.259058469161,433.818022495423,502.211744793583,519.265748500996,598.518598571347,1297.04041402589,
"evapotrans_2025_kg_m2","evapotranspiration","numeric",288,36.1,287,183.004009909517,426.22604918515,499.70967286858,510.191953067298,589.968803120737,1213.60155627027,
"greenup_cycle0_2024MMDD","greenup","character",388,48.7,114,,,,,,,"2023-11-19 | 2023-11-29 | 2023-12-02 | 2023-12-22 | 2024-01-20"
"greenup_cycle1_2024MMDD","greenup","character",388,48.7,141,,,,,,,"2024-04-09 | 2024-04-15 | 2024-04-20 | 2024-04-21 | 2024-04-23"
"precip_2023_mm_per_day","precipitation","numeric",485,60.9,240,0.456306284914414,2.05993154644966,2.66728364552061,2.74571742448139,3.34714466794616,7.89109355933738,
"precip_2024_mm_per_day","precipitation","numeric",485,60.9,240,0.627739787101746,2.07981051628788,2.76206599507067,2.81606894806385,3.50445168713729,7.58472139568943,
"precip_2025_mm_per_day","precipitation","numeric",485,60.9,240,0.670853229860465,1.96587301459577,2.25796666058401,2.55009973116434,3.24183665712674,8.25059295694033,
"temp_2023_degC","air_temperature","numeric",302,37.9,166,-6.67824183901151,8.11798365444411,11.389245669047,10.4867891947918,12.3757929801941,25.7214563443111,
"temp_2024_degC","air_temperature","numeric",302,37.9,166,-6.28581153849761,8.57697899212751,11.3064288695653,10.6877838233862,12.1747445464134,26.0671245501592,
"temp_2025_degC","air_temperature","numeric",302,37.9,166,-5.63440718315542,8.42271368034805,11.4151516200768,10.6960847895892,12.3580167343219,25.3207241571867,
"temp_2026_degC","air_temperature","numeric",302,37.9,166,-24.0534963607788,-2.71532904108366,4.37316155433655,2.60008335542151,6.87015199661255,25.0553021797767,
"snow_2001_num_days","snow","numeric",450,56.5,421,1,34.315653108492,45.892754914964,52.4604486707237,71.9773283824484,145.05073106319,
"snow_2001_max_prop_area","snow","numeric",450,56.5,405,0.125,0.216627325586895,0.42445471141533,0.438505921110422,0.648426835222354,0.930962311708576,
"snow_2000_num_days","snow","logical",0,0,0,,,,,,,
"snow_2000_max_prop_area","snow","logical",0,0,0,,,,,,,
"npp_2025_kgC_m2_year","npp","numeric",388,48.7,360,0.09655,0.504985231873558,0.605160926299388,0.630030793519065,0.699259199987353,1.662625,
"hydrshds","other","logical",0,0,0,,,,,,,
