LTER	Stream_Name	Region
Amazon		amazon
AND		north-america-usa
ARC		north-america-arctic
Australia		australia
BCCZO		north-america-usa
BNZ		north-america-arctic
Canada		canada
Chile		global
Catalina Jemez		north-america-usa
ColoradoAlpine		north-america-usa
Congo Basin		congo
EastRiverSFA		north-america-usa
Finnish Environmental Institute		scandinavia
Danube		global
GEMS		global
Germany		germany
GRO		amazon
Guadeloupe		puerto-rico
HBR		north-america-usa
HYBAM		amazon
Japan		global
KNZ		north-america-usa
KRR		north-america-usa
Krycklan		scandinavia
LMP		north-america-usa
MCM		antarctica
LUQ		puerto-rico
Mali		mali
MD		australia
NIVA		scandinavia
Netherlands		germany
NWT		north-america-usa
PIE		north-america-usa
Sagehen		north-america-usa
Seine		germany
Sweden		scandinavia
Switzerland		germany
Tanguro(Jankowski)		amazon
UK		united-kingdom
UMR		north-america-usa
USGS		north-america-usa
Walker Branch		north-america-usa
WesternAustralia		australia
