"Year","Month","Year_Month","flow_mm","volwt_Ca","volwt_Mg","volwt_K","volwt_Na","volwt_Al_Ferron","volwt_TMAl","volwt_OMAl","volwt_Al_ICP","volwt_NH4","volwt_SO4","volwt_NO3","volwt_Cl","volwt_PO4","volwt_DOC","volwt_TDN","volwt_DON","volwt_DIC","volwt_SiO2","volwt_Mn","volwt_Fe","volwt_F","volwt_H","volwt_pH","volwt_SpecCond","volwt_ANC"
1995,"06","1995-06",22.033,1.11,0.34,0.17,0.78,-888.888,-888.888,-888.888,-888.88,0.02,4.79,0.021,0.41,0.002,1.54,-888.88,0.1,-888.88,5.21,-888.88,-888.88,-888.88,0.0034,5.47,14.86,2.88
1995,"07","1995-07",7.863,1.15,0.43,0.16,1.18,-888.888,-888.888,-888.888,-888.88,0.02,5.04,0.01,0.42,0.003,2.05,-888.88,0.08,-888.88,6.77,-888.88,-888.88,-888.88,9e-04,6.05,15.64,25.13
1995,"08","1995-08",85.837,1.06,0.35,0.13,0.82,-888.888,-888.888,-888.888,-888.88,0.02,4.7,0.01,0.34,0.003,2.29,-888.88,0.1,-888.88,5.42,-888.88,-888.88,-888.88,0.0043,5.37,14.9,-2.87
1995,"09","1995-09",4.743,1.17,0.46,0.17,1.34,-888.888,-888.888,-888.888,-888.88,0.027,5.15,0.01,0.44,0.002,1.5,-888.88,0.06,-888.88,7.48,-888.88,-888.88,-888.88,7e-04,6.13,16.38,33.17
1995,"10","1995-10",207.093,1,0.31,0.23,0.69,-888.888,-888.888,-888.888,-888.88,0.014,4.44,0.014,0.59,0.002,2.16,-888.88,0.1,-888.88,4.8,-888.88,-888.88,-888.88,0.0057,5.25,14.08,0.17
1995,"11","1995-11",162.41,0.97,0.26,0.17,0.62,-888.888,-888.888,-888.888,-888.88,0.012,4.27,0.116,0.63,0.001,2.12,-888.88,0.11,-888.88,4.3,-888.88,-888.88,-888.88,0.0068,5.17,13.84,-4.97
1995,"12","1995-12",15.075,1.12,0.39,0.17,0.89,-888.888,-888.888,-888.888,-888.88,0.016,4.49,0.28,0.5,0.002,1.42,-888.88,0.08,-888.88,5.39,-888.88,-888.88,-888.88,0.0016,5.8,14.09,14.61
1996,"01","1996-01",166.93,1.05,0.33,0.17,0.76,-888.888,-888.888,-888.888,-888.88,0.005,4.15,0.937,0.58,0.001,1.63,-888.88,0.11,-888.88,4.51,-888.88,-888.88,-888.88,0.0061,5.21,14.82,-1.19
1996,"02","1996-02",80.076,1.07,0.35,0.17,0.79,-888.888,-888.888,-888.888,-888.88,0.005,4.26,0.716,0.58,0,1.47,-888.88,0.14,-888.88,4.76,-888.88,-888.88,-888.88,0.0046,5.33,14.65,0.56
1996,"03","1996-03",30.203,1.09,0.36,0.18,0.81,-888.888,-888.888,-888.888,-888.88,0.005,4.31,0.56,0.58,0.001,1.39,-888.88,0.1,-888.88,5.11,-888.88,-888.88,-888.88,0.0025,5.6,14.39,3.89
1996,"04","1996-04",280.898,0.89,0.25,0.18,0.59,-888.888,-888.888,-888.888,-888.88,0.005,3.9,0.789,0.52,0.002,2.15,-888.88,0.09,-888.88,3.32,-888.88,-888.88,-888.88,0.0089,5.05,14.69,-1.88
1996,"05","1996-05",269.813,0.8,0.21,0.16,0.51,-888.888,-888.888,-888.888,-888.88,0.011,3.77,0.356,0.42,0.002,2.04,-888.88,0.07,-888.88,3.01,-888.88,-888.88,-888.88,0.0094,5.03,13.22,-5.97
1996,"06","1996-06",65.365,0.97,0.28,0.15,0.72,-888.888,-888.888,-888.888,-888.88,0.013,4.24,0.01,0.38,0.001,1.72,-888.88,0.08,0.49,4.52,-888.88,-888.88,-888.88,0.0071,5.15,13.25,-7.86
1996,"07","1996-07",166.051,0.9,0.24,0.11,0.64,-888.888,-888.888,-888.888,-888.88,0.005,4.04,0.01,0.27,0.001,2.13,-888.88,0.09,0.69,4.22,-888.88,-888.88,-888.88,0.0063,5.2,13.12,-1.94
1996,"08","1996-08",7.598,1.02,0.32,0.12,0.91,-888.888,-888.888,-888.888,-888.88,0.005,4.49,0.01,0.32,0.001,1.68,-888.88,0.08,0.7,5.64,-888.88,-888.88,-888.88,0.0021,5.68,14.24,15.44
1996,"09","1996-09",1.929,1.12,0.44,0.17,1.49,-888.888,-888.888,-888.888,-888.88,0.012,5.09,0.01,0.47,0.002,1.54,-888.88,0.07,1.01,7.78,-888.88,-888.88,-888.88,5e-04,6.31,17.16,33.76
1996,"10","1996-10",86.909,0.87,0.25,0.48,0.6,-888.888,-888.888,-888.888,-888.88,0.005,3.93,0.03,0.6,0.005,3.59,-888.88,0.15,0.57,3.98,-888.88,-888.88,-888.88,0.0116,4.93,14.73,-8.82
1996,"11","1996-11",94.514,0.97,0.29,0.2,0.69,-888.888,-888.888,-888.888,-888.88,0.006,4.16,0.031,0.58,0.001,1.92,-888.88,0.07,0.56,4.53,-888.88,-888.88,-888.88,0.0044,5.36,13.31,-6.73
1996,"12","1996-12",158.507,0.88,0.25,0.19,0.59,-888.888,-888.888,-888.888,-888.88,0.02,3.7,0.345,0.45,0,2.48,-888.88,0.09,0.57,3.54,-888.88,-888.88,-888.88,0.0086,5.07,13.24,-9.47
1997,"01","1997-01",27.71,1.01,0.31,0.16,0.74,-888.888,-888.888,-888.888,-888.88,0.016,4.07,0.322,0.42,0,1.39,-888.88,0.07,0.68,4.42,-888.88,-888.88,-888.88,0.0038,5.43,13.05,3.95
1997,"02","1997-02",27.555,1.05,0.35,0.17,0.79,-888.888,-888.888,-888.888,-888.88,0.007,4.13,0.379,0.42,0,1.24,-888.88,0.06,0.7,4.68,-888.88,-888.88,-888.88,0.003,5.53,13.54,15.46
1997,"03","1997-03",51.808,1.01,0.32,0.16,0.73,-888.888,-888.888,-888.888,-888.88,0.009,4.08,0.433,0.42,0,1.13,-888.88,0.03,0.6,4.33,-888.88,-888.88,-888.88,0.0039,5.41,13.33,10.68
1997,"04","1997-04",184.811,0.89,0.25,0.14,0.6,-888.888,-888.888,-888.888,-888.88,0.006,3.81,0.521,0.34,0,1.69,-888.88,0.06,0.85,3.64,-888.88,-888.88,-888.88,0.0077,5.11,13.02,9.85
1997,"05","1997-05",282.883,0.79,0.21,0.14,0.51,-888.888,-888.888,-888.888,-888.88,0.005,3.67,0.323,0.24,0,1.84,-888.88,0.07,0.67,3.27,-888.88,-888.88,-888.88,0.0084,5.07,12.56,4.95
1997,"06","1997-06",28.482,0.97,0.31,0.18,0.79,-888.888,-888.888,-888.888,-888.88,0.029,4.2,0.013,0.29,0,1.68,-888.88,0.04,0.57,4.91,-888.88,-888.88,-888.88,0.0017,5.77,13.19,10.46
1997,"07","1997-07",72.396,0.99,0.31,0.15,0.81,-888.888,-888.888,-888.888,-888.88,0.018,4.11,0.018,0.3,0,1.75,-888.88,0.01,0.7,5.44,-888.88,-888.88,-888.88,0.0019,5.73,13.48,12.18
1997,"08","1997-08",15.841,1.04,0.35,0.15,1.01,-888.888,-888.888,-888.888,-888.88,0.007,4.42,0.008,0.32,0.002,1.78,-888.88,0,0.77,6.2,-888.88,-888.88,-888.88,9e-04,6.03,14.15,20.87
1997,"09","1997-09",14.844,1.08,0.38,0.18,0.99,-888.888,-888.888,-888.888,-888.88,0.018,4.29,0,0.35,0.002,1.4,-888.88,0.08,0.9,6.08,-888.88,-888.88,-888.88,8e-04,6.12,14.1,23.01
1997,"10","1997-10",22.614,1.04,0.38,0.27,0.9,-888.888,-888.888,-888.888,-888.88,0.032,4.3,0.011,0.35,0.001,2.12,-888.88,0.16,0.74,5.58,-888.88,-888.88,-888.88,0.0015,5.82,13.8,16.21
1997,"11","1997-11",107.715,0.91,0.27,0.2,0.66,-888.888,-888.888,-888.888,-888.88,0.006,4.05,0.066,0.39,0.002,2.68,-888.88,0.2,0.63,4.61,-888.88,-888.88,-888.88,0.0057,5.24,13.31,-5.51
1997,"12","1997-12",15.988,1.15,0.4,0.15,0.91,-888.888,-888.888,-888.888,-888.88,0.009,4.33,0.183,0.36,0,1.31,-888.88,0.1,0.75,5.69,-888.88,-888.88,-888.88,8e-04,6.1,13.77,22.83
1998,"01","1998-01",79.108,0.98,0.31,0.19,0.65,-888.888,-888.888,-888.888,-888.88,0.005,3.77,0.83,0.32,0.003,1.99,-888.88,0.32,0.61,4.07,-888.88,-888.88,-888.88,0.0046,5.34,13.4,5.79
1998,"02","1998-02",36.585,1.12,0.36,0.16,0.81,-888.888,-888.888,-888.888,-888.88,0.005,4.2,0.356,0.35,0,1.42,-888.88,0.11,0.7,5.25,-888.88,-888.88,-888.88,0.002,5.7,13.29,16.14
1998,"03","1998-03",180.583,0.95,0.29,0.16,0.62,-888.888,-888.888,-888.888,-888.88,0.018,3.73,0.873,0.29,0,1.54,-888.88,0.16,0.52,4.06,-888.88,-888.88,-888.88,0.0054,5.27,13.4,3.17
1998,"04","1998-04",192.963,0.86,0.25,0.15,0.54,-888.888,-888.888,-888.888,-888.88,0.011,3.68,0.719,0.27,0,1.67,-888.88,0.14,0.46,3.77,-888.88,-888.88,-888.88,0.0078,5.11,13.5,-9.3
1998,"05","1998-05",72.59,0.94,0.27,0.15,0.65,-888.888,-888.888,-888.888,-888.88,0.005,3.99,0.107,0.31,0,1.88,-888.88,0.11,0.67,4.76,-888.88,-888.88,-888.88,0.0034,5.47,12.78,7.1
1998,"06","1998-06",210.381,0.89,0.26,0.16,0.61,-888.888,-888.888,-888.888,-888.88,0.005,3.79,0.01,0.23,0.002,2.51,-888.88,0.12,0.53,4.56,-888.88,-888.88,-888.88,0.0056,5.25,12.76,7.73
1998,"07","1998-07",59.769,0.96,0.27,0.12,0.66,-888.888,-888.888,-888.888,-888.88,0.005,3.86,0.02,0.23,0.001,2.28,-888.88,0.11,0.53,5.03,-888.88,-888.88,-888.88,0.0032,5.49,12.69,8.88
1998,"08","1998-08",10.667,1.09,0.36,0.15,1.05,-888.888,-888.888,-888.888,-888.88,0.005,4.28,0.024,0.32,0.002,1.86,-888.88,0.2,0.78,6.71,-888.88,-888.88,-888.88,8e-04,6.08,14.78,27.93
1998,"09","1998-09",15.523,1.1,0.4,0.2,1.06,-888.888,-888.888,-888.888,-888.88,0.009,4.49,0.016,0.38,0.002,1.9,-888.88,0.2,0.73,6.63,-888.88,-888.88,-888.88,8e-04,6.12,15.02,30.42
1998,"10","1998-10",81.971,0.99,0.32,0.21,0.77,-888.888,-888.888,-888.888,-888.88,0.005,4.26,0.01,0.35,0.002,2.15,-888.88,0.2,0.55,5.54,-888.88,-888.88,-888.88,0.0019,5.71,12.88,14.6
1998,"11","1998-11",64.954,0.98,0.31,0.14,0.78,-888.888,-888.888,-888.888,-888.88,0.005,4.09,0.217,0.36,0.002,1.82,-888.88,0.21,0.6,5.4,-888.88,-888.88,-888.88,0.0021,5.68,14.79,11.87
1998,"12","1998-12",81.002,0.97,0.3,0.14,0.7,-888.888,-888.888,-888.888,-888.88,0.008,4.02,0.523,0.36,0.001,1.89,-888.88,0.21,0.5,5.06,-888.88,-888.88,-888.88,0.0039,5.4,13.01,9.92
1999,"01","1999-01",89.642,1.06,0.31,0.14,0.72,-888.888,-888.888,-888.888,-888.88,0.006,3.74,0.92,0.34,0.002,2.01,-888.88,0.22,0.9,4.46,-888.88,-888.88,-888.88,0.0043,5.36,13.27,7.4
1999,"02","1999-02",27.253,1.12,0.36,0.17,0.79,-888.888,-888.888,-888.888,-888.88,0.019,3.92,0.867,0.36,0.003,1.67,-888.88,0.21,0.63,4.93,-888.88,-888.88,-888.88,0.0017,5.77,13.21,11.23
1999,"03","1999-03",102.553,1.02,0.3,0.17,0.69,-888.888,-888.888,-888.888,-888.88,0.015,3.64,1.038,0.44,0.003,1.81,-888.88,0.2,0.59,3.87,-888.88,-888.88,-888.88,0.0039,5.41,13.02,6.06
1999,"04","1999-04",191.617,1,0.27,0.13,0.64,-888.888,-888.888,-888.888,-888.88,0.008,3.67,0.938,0.4,0.002,1.77,-888.88,0.19,0.61,3.97,-888.88,-888.88,-888.88,0.0071,5.15,13.08,-2.64
1999,"05","1999-05",133.046,0.91,0.28,0.17,0.69,-888.888,-888.888,-888.888,-888.88,0.016,3.97,0.291,0.38,0.002,1.81,-888.88,0.23,0.46,4.39,-888.88,-888.88,-888.88,0.0046,5.33,12.7,-0.28
1999,"06","1999-06",10.444,1.01,0.34,0.17,0.93,-888.888,-888.888,-888.888,-888.88,0.005,4.28,0.084,0.41,0.002,1.92,-888.88,0.26,0.69,5.51,-888.88,-888.88,-888.88,0.0016,5.81,14.45,17.73
1999,"07","1999-07",9.141,1.05,0.4,0.17,1.2,-888.888,-888.888,-888.888,-888.88,0.006,4.45,0.107,0.38,0.002,1.91,-888.88,0.14,0.99,7.11,-888.88,-888.88,-888.88,8e-04,6.09,16.38,33.35
1999,"08","1999-08",2.608,1.11,0.48,0.19,1.46,-888.888,-888.888,-888.888,-888.88,0.005,4.52,0.093,0.41,0.003,1.85,-888.88,0.14,1.06,7.54,-888.88,-888.88,-888.88,6e-04,6.21,16.79,43.95
1999,"09","1999-09",158.87,1.04,0.38,0.15,0.69,-888.888,-888.888,-888.888,-888.88,0.007,4.08,0.013,0.33,0.019,2.36,-888.88,0.14,0.66,5.46,-888.88,-888.88,-888.88,0.0026,5.59,13.7,21.99
1999,"10","1999-10",83.345,0.94,0.29,0.16,0.62,-888.888,-888.888,-888.888,-888.88,0.006,3.92,0.014,0.39,0.002,2.19,-888.88,0.14,0.75,5.04,-888.88,-888.88,-888.88,0.0039,5.41,12.64,1.91
1999,"11","1999-11",101.202,0.96,0.28,0.13,0.71,-888.888,-888.888,-888.888,-888.88,0.005,3.89,0.221,0.46,0.002,1.87,-888.88,0.13,0.66,4.86,-888.88,-888.88,-888.88,0.0035,5.45,12.63,8.01
1999,"12","1999-12",37.487,0.98,0.3,0.12,0.8,-888.888,-888.888,-888.888,-888.88,0.005,4.01,0.272,0.46,0.002,1.56,-888.88,0.13,0.64,5.25,-888.88,-888.88,-888.88,0.0022,5.66,12.93,14.31
2000,"01","2000-01",28.023,1.06,0.36,0.14,0.86,-888.888,-888.888,-888.888,-888.88,0.006,4.05,0.636,0.44,0.002,1.28,-888.88,0.15,0.8,5.34,-888.88,-888.88,-888.88,0.0013,5.9,13.79,19.88
2000,"02","2000-02",22.336,1.18,0.42,0.2,0.77,-888.888,-888.888,-888.888,-888.88,0.017,3.92,1.432,0.48,0.002,1.62,-888.88,0.05,1.43,4.74,-888.88,-888.88,-888.88,0.0028,5.56,15.12,17.94
2000,"03","2000-03",116.459,1.02,0.31,0.15,0.68,-888.888,-888.888,-888.888,-888.88,0.006,3.7,1.413,0.46,0,1.47,-888.88,0.04,0.82,4.52,-888.88,-888.88,-888.88,0.0052,5.28,14.19,0.85
2000,"04","2000-04",338.437,0.9,0.24,0.19,0.53,-888.888,-888.888,-888.888,-888.88,0.013,3.33,1.355,0.42,0,2.14,-888.88,0.06,1.04,3.61,-888.88,-888.88,-888.88,0.0107,4.97,14.27,-11.24
2000,"05","2000-05",144.016,0.86,0.24,0.18,0.59,-888.888,-888.888,-888.888,-888.88,0.005,3.85,0.299,0.38,0.001,1.8,-888.88,0.06,0.54,3.86,-888.88,-888.88,-888.88,0.0062,5.21,12.6,-4.46
2000,"06","2000-06",22.976,0.94,0.32,0.18,0.83,-888.888,-888.888,-888.888,-888.88,0.018,4.15,0.036,0.37,0.001,1.6,-888.88,0.08,0.53,5.29,-888.88,-888.88,-888.88,0.0018,5.74,13.1,12.82
2000,"07","2000-07",10.035,1,0.38,0.16,1.04,-888.888,-888.888,-888.888,-888.88,0.042,4.38,0.01,0.36,0.001,1.82,-888.88,0.08,0.68,6.23,-888.88,-888.88,-888.88,8e-04,6.09,14.6,27.21
2000,"08","2000-08",36.278,1.04,0.35,0.13,0.87,-888.888,-888.888,-888.888,-888.88,0.005,4.21,0.02,0.35,0.001,1.64,-888.88,0.1,0.59,5.57,-888.88,-888.88,-888.88,0.001,6.02,13.76,20.43
2000,"09","2000-09",29.729,1.06,0.36,0.12,0.98,-888.888,-888.888,-888.888,-888.88,0.005,4.35,0.015,0.35,0.001,1.61,-888.88,0.1,0.6,6.34,-888.88,-888.88,-888.88,8e-04,6.07,14.22,22.06
2000,"10","2000-10",40.722,1.01,0.39,0.26,0.9,-888.888,-888.888,-888.888,-888.88,0.005,4.25,0.01,0.39,0.001,1.78,-888.88,0.09,0.75,5.71,-888.88,-888.88,-888.88,8e-04,6.1,13.86,23.56
2000,"11","2000-11",62.156,0.96,0.32,0.14,0.77,-888.888,-888.888,-888.888,-888.88,0.005,4.08,0.065,0.4,0.001,1.61,-888.88,0.1,0.53,5.13,-888.88,-888.88,-888.88,0.0018,5.75,12.83,11.73
2000,"12","2000-12",108.246,0.95,0.27,0.19,0.71,-888.888,-888.888,-888.888,-888.88,0.008,3.62,0.269,0.36,0.003,2.7,-888.88,0.19,1.1,4.76,-888.88,-888.88,-888.88,0.0067,5.17,13.84,-8.57
2001,"01","2001-01",13.467,1.07,0.35,0.16,0.97,-888.888,-888.888,-888.888,-888.88,0.027,4.11,0.394,0.41,0.002,1.48,-888.88,0.06,0.83,6.1,-888.88,-888.88,-888.88,8e-04,6.1,14.15,25.65
2001,"02","2001-02",9.837,1.22,0.44,0.19,1.06,-888.888,-888.888,-888.888,-888.88,0.015,4.25,0.68,0.39,0.002,1.26,-888.88,0.03,0.88,6.42,-888.88,-888.88,-888.88,6e-04,6.26,15.03,32.87
2001,"03","2001-03",8.951,1.24,0.48,0.2,1.1,-888.888,-888.888,-888.888,-888.88,0.015,4.37,0.58,0.38,0.002,1.19,-888.88,0.01,0.98,6.54,-888.88,-888.88,-888.88,5e-04,6.33,15.83,42.1
2001,"04","2001-04",246.915,0.96,0.29,0.16,0.65,-888.888,-888.888,-888.888,-888.88,0.005,3.5,0.926,0.31,0.003,2.5,-888.88,0.17,1.19,4.28,-888.88,-888.88,-888.88,0.0069,5.16,14.21,-9.13
2001,"05","2001-05",131.33,0.81,0.22,0.15,0.56,-888.888,-888.888,-888.888,-888.88,0.009,3.63,0.606,0.29,0.002,2.44,-888.88,0.11,0.57,3.82,-888.88,-888.88,-888.88,0.007,5.16,13.44,-6.22
2001,"06","2001-06",80.494,0.88,0.24,0.11,0.66,-888.888,-888.888,-888.888,-888.88,0.005,3.69,0.063,0.31,0.003,2.53,-888.88,0.08,1.09,4.52,-888.88,-888.88,-888.88,0.0049,5.31,12.66,-7.11
2001,"07","2001-07",7.882,1.09,0.42,0.16,1.2,-888.888,-888.888,-888.888,-888.88,0.005,4.46,0.047,0.36,0.003,1.63,-888.88,0.07,0.87,7.2,-888.88,-888.88,-888.88,4e-04,6.39,15.99,36.23
2001,"08","2001-08",0.797,1.27,0.48,0.16,1.6,-888.888,-888.888,-888.888,-888.88,0.005,4.65,0.135,0.42,0.003,1.6,-888.88,0.1,1.03,8.55,-888.88,-888.88,-888.88,2e-04,6.61,19.1,59.74
2001,"09","2001-09",17.653,1.03,0.42,0.21,1.15,-888.888,-888.888,-888.888,-888.88,0.005,4.17,0.01,0.44,0.002,2.36,-888.88,0.11,0.8,5.93,-888.88,-888.88,-888.88,7e-04,6.18,15.5,29.39
2001,"10","2001-10",21.101,1.06,0.45,0.42,1.03,-888.888,-888.888,-888.888,-888.88,0.005,4.26,0.01,0.48,0.002,2.7,-888.88,0.09,0.82,6.26,-888.88,-888.88,-888.88,7e-04,6.17,15.69,33.12
2001,"11","2001-11",45.035,1.02,0.34,0.17,0.8,-888.888,-888.888,-888.888,-888.88,0.005,4.09,0.055,0.53,0,2.03,-888.88,0.07,0.58,5.19,-888.88,-888.88,-888.88,0.0017,5.77,13.7,12.27
2001,"12","2001-12",47.421,0.99,0.32,0.14,0.78,-888.888,-888.888,-888.888,-888.88,0.006,4.01,0.049,0.53,0,1.81,-888.88,0.07,0.59,5.09,-888.88,-888.88,-888.88,0.0017,5.77,13.42,11.36
2002,"01","2002-01",14.643,1.16,0.39,0.15,0.99,-888.888,-888.888,-888.888,-888.88,0.007,4.26,0.18,0.45,0,1.34,-888.88,0.07,0.94,6.07,-888.88,-888.88,-888.88,7e-04,6.17,14.69,28.05
2002,"02","2002-02",33.02,1.09,0.35,0.14,0.84,-888.888,-888.888,-888.888,-888.88,0.005,4.07,0.413,0.48,0,1.43,-888.88,0.1,0.68,4.99,-888.88,-888.88,-888.88,0.0013,5.88,13.97,15.77
2002,"03","2002-03",77.085,0.99,0.31,0.14,0.74,-888.888,-888.888,-888.888,-888.88,0.005,3.93,0.528,0.52,0,1.48,-888.88,0.07,0.59,4.63,-888.88,-888.88,-888.88,0.0034,5.47,13.64,7.82
2002,"04","2002-04",313.52,0.84,0.25,0.19,0.57,-888.888,-888.888,-888.888,-888.88,0.005,3.66,0.684,0.41,0.002,2.48,-888.88,0.2,0.49,3.67,-888.88,-888.88,-888.88,0.0087,5.06,14.03,-13.01
2002,"05","2002-05",112.013,0.85,0.25,0.15,0.65,-888.888,-888.888,-888.888,-888.88,0.005,3.89,0.089,0.36,0,1.87,-888.88,0.09,0.46,4.25,-888.88,-888.88,-888.88,0.0038,5.42,12.08,5.03
2002,"06","2002-06",59.732,0.92,0.28,0.15,0.75,-888.888,-888.888,-888.888,-888.88,0.005,4.08,0.01,0.33,0.002,1.85,-888.88,0.09,0.49,4.94,-888.88,-888.88,-888.88,0.002,5.7,12.64,11.5
2002,"07","2002-07",5.257,1.04,0.36,0.15,1.14,-888.888,-888.888,-888.888,-888.88,0.005,4.45,0.011,0.38,0.002,1.69,-888.88,0.09,0.85,7.03,-888.88,-888.88,-888.88,6e-04,6.19,15.65,29.5
2002,"08","2002-08",0.581,1.23,0.45,0.15,1.65,-888.888,-888.888,-888.888,-888.88,0.005,4.86,0.024,0.44,0.003,1.52,-888.88,0.12,1.39,8.86,-888.88,-888.88,-888.88,3e-04,6.52,18.93,57
2002,"09","2002-09",4.388,1.04,0.41,0.28,1.4,-888.888,-888.888,-888.888,-888.88,0.005,4.41,0.013,0.44,0.002,2.62,-888.88,0.08,1.08,7.18,-888.88,-888.88,-888.88,5e-04,6.31,16.35,41.98
2002,"10","2002-10",35.531,1,0.38,0.18,0.86,-888.888,-888.888,-888.888,-888.88,0.005,4.25,0.013,0.53,0.003,2.13,-888.88,0.06,0.66,5.41,-888.88,-888.88,-888.88,0.0012,5.92,13.83,16.52
2002,"11","2002-11",116.978,0.87,0.27,0.16,0.68,-888.888,-888.888,-888.888,-888.88,0.005,3.87,0.081,0.49,0.001,2.13,-888.88,0.07,0.52,4.43,-888.88,-888.88,-888.88,0.0042,5.38,13.06,6.39
2002,"12","2002-12",27.018,0.97,0.33,0.15,0.83,-888.888,-888.888,-888.888,-888.88,0.005,4.08,0.116,0.43,0,1.64,-888.88,0.05,0.64,5.22,-888.88,-888.88,-888.88,0.0015,5.83,13.64,16.1
2003,"01","2003-01",16.752,1.04,0.36,0.15,0.94,-888.888,-888.888,-888.888,-888.88,0.005,4.18,0.155,0.42,0.002,1.44,-888.88,0.05,0.78,5.65,-888.88,-888.88,-888.88,9e-04,6.05,14.16,22.99
2003,"02","2003-02",6.31,1.18,0.45,0.18,1.13,-888.888,-888.888,-888.888,-888.88,0.005,4.46,0.323,0.43,0.001,1.27,-888.88,0.05,1.01,6.68,-888.88,-888.88,-888.88,6e-04,6.26,16.14,38.34
2003,"03","2003-03",100.252,1.05,0.35,0.19,0.79,-888.888,-888.888,-888.888,-888.88,0.005,3.72,1.592,0.5,0.002,1.57,-888.88,0.03,0.59,4.63,-888.88,-888.88,-888.88,0.0041,5.38,14.95,9.95
2003,"04","2003-04",192.063,0.86,0.26,0.16,0.62,-888.888,-888.888,-888.888,-888.88,0.005,3.64,0.944,0.41,0.001,1.94,-888.88,0.04,0.45,3.93,-888.88,-888.88,-888.88,0.0063,5.2,13.35,-1.18
2003,"05","2003-05",126.577,0.82,0.25,0.16,0.62,-888.888,-888.888,-888.888,-888.88,0.005,3.96,0.285,0.36,0.002,2.07,-888.88,0.09,0.41,3.99,-888.88,-888.88,-888.88,0.0053,5.28,12.54,0.84
2003,"06","2003-06",36.198,0.91,0.29,0.17,0.76,-888.888,-888.888,-888.888,-888.88,0.005,4.04,0.016,0.37,0.002,1.81,-888.88,0.07,0.49,5,-888.88,-888.88,-888.88,0.0018,5.75,12.61,10.82
2003,"07","2003-07",6.261,1.1,0.41,0.17,1.31,-888.888,-888.888,-888.888,-888.88,0.005,4.39,0.048,0.38,0.001,1.85,-888.88,0.05,1.05,7.32,-888.88,-888.88,-888.88,4e-04,6.35,16.11,38.91
2003,"08","2003-08",136.551,0.79,0.21,0.13,0.56,-888.888,-888.888,-888.888,-888.88,0.005,3.55,0.016,0.21,0.003,4.07,-888.88,0.11,0.47,4.34,-888.88,-888.88,-888.88,0.0085,5.07,13.51,-9.6
2003,"09","2003-09",94.265,0.92,0.29,0.12,0.8,-888.888,-888.888,-888.888,-888.88,0.005,3.93,0.01,0.35,0,2.22,-888.88,0.08,0.55,5.53,-888.88,-888.88,-888.88,0.0026,5.59,12.85,13.44
2003,"10","2003-10",180.732,0.84,0.26,0.16,0.69,-888.888,-888.888,-888.888,-888.88,0.005,3.76,0.074,0.41,0.001,2.52,-888.88,0.15,0.51,4.69,-888.88,-888.88,-888.88,0.004,5.39,12.62,7.28
2003,"11","2003-11",149.303,0.83,0.25,0.11,0.66,-888.888,-888.888,-888.888,-888.88,0.005,3.7,0.061,0.46,0,1.98,-888.88,0.06,0.45,4.45,-888.88,-888.88,-888.88,0.0034,5.47,12.05,1.72
2003,"12","2003-12",170.533,0.81,0.25,0.11,0.65,-888.888,-888.888,-888.888,-888.88,0.005,3.53,0.266,0.47,0,1.78,-888.88,0.05,0.54,4.22,-888.88,-888.88,-888.88,0.0037,5.44,11.74,1.79
2004,"01","2004-01",30.721,0.87,0.29,0.13,0.73,-888.888,-888.888,-888.888,-888.88,0.005,3.82,0.264,0.45,0,1.66,-888.88,0.05,0.67,4.64,-888.88,-888.88,-888.88,0.0028,5.55,12.42,5.97
2004,"02","2004-02",6.021,1.1,0.44,0.15,1.07,-888.888,-888.888,-888.888,-888.88,0.005,4.29,0.286,0.42,0,1.38,-888.88,0.05,1.03,6.44,-888.88,-888.88,-888.88,6e-04,6.23,14.82,29.22
2004,"03","2004-03",48.35,1,0.35,0.16,0.78,-888.888,-888.888,-888.888,-888.88,0.005,3.67,1.184,0.48,0,1.94,-888.88,0.01,0.64,4.53,-888.88,-888.88,-888.88,0.0031,5.51,13.99,9.59
2004,"04","2004-04",227.61,0.82,0.26,0.13,0.62,-888.888,-888.888,-888.888,-888.88,0.005,3.39,0.978,0.42,0,2.22,-888.88,0.02,0.5,3.7,-888.88,-888.88,-888.88,0.0055,5.26,12.91,-0.12
2004,"05","2004-05",109.2,0.79,0.25,0.15,0.63,-888.888,-888.888,-888.888,-888.88,0.005,3.66,0.123,0.37,0,2.33,-888.88,0.06,0.45,4.09,-888.88,-888.88,-888.88,0.0042,5.38,11.92,5.15
2004,"06","2004-06",25.647,0.86,0.29,0.13,0.76,-888.888,-888.888,-888.888,-888.88,0.005,3.91,0.022,0.36,0,1.81,-888.88,0.05,0.54,4.9,-888.88,-888.88,-888.88,0.002,5.71,12.23,11
2004,"07","2004-07",35.833,0.98,0.35,0.14,0.96,-888.888,-888.888,-888.888,-888.88,0.005,4.1,0.017,0.35,0,1.92,-888.88,0.05,0.63,5.98,-888.88,-888.88,-888.88,0.0012,5.91,13.57,21.2
2004,"08","2004-08",60.321,1,0.35,0.13,0.93,-888.888,-888.888,-888.888,-888.88,0.005,4.03,0.01,0.33,0.001,1.81,-888.88,0.06,0.74,5.88,-888.88,-888.88,-888.88,8e-04,6.12,12.92,21.88
2004,"09","2004-09",65.15,0.93,0.3,0.11,0.82,-888.888,-888.888,-888.888,-888.88,0.005,3.85,0.01,0.32,0.003,1.84,-888.88,0.07,0.59,5.38,-888.88,-888.88,-888.88,0.0012,5.93,12.09,15.05
2004,"10","2004-10",21.375,0.98,0.38,0.25,0.96,-888.888,-888.888,-888.888,-888.88,0.005,4,0.01,0.4,0.002,1.78,-888.88,0.05,0.8,5.8,-888.88,-888.88,-888.88,7e-04,6.15,13.45,25.18
2004,"11","2004-11",112.291,0.88,0.29,0.15,0.74,-888.888,-888.888,-888.888,-888.88,0.005,3.63,0.46,0.42,0,1.91,-888.88,0.05,0.55,4.67,-888.88,-888.88,-888.88,0.0038,5.42,12.63,9.93
2004,"12","2004-12",109.036,0.89,0.28,0.13,0.73,-888.888,-888.888,-888.888,-888.88,0.005,3.54,0.608,0.42,0,1.75,-888.88,0.05,0.64,4.61,-888.88,-888.88,-888.88,0.003,5.53,12.22,8.91
2005,"01","2005-01",34.658,0.96,0.33,0.14,0.8,-888.888,-888.888,-888.888,-888.88,0.005,3.72,0.618,0.41,0,1.38,-888.88,0.05,0.69,5.03,-888.88,-888.88,-888.88,0.0014,5.86,12.57,13.22
2005,"02","2005-02",11.744,1.06,0.4,0.16,0.96,-888.888,-888.888,-888.888,-888.88,0.005,3.91,0.418,0.4,0,1.21,-888.88,0.06,0.93,5.85,-888.88,-888.88,-888.88,7e-04,6.14,13.62,27.06
2005,"03","2005-03",18.347,1.08,0.4,0.18,0.95,-888.888,-888.888,-888.888,-888.88,0.005,3.82,0.765,0.42,0,1.15,-888.88,0.04,1.01,5.57,-888.88,-888.88,-888.88,0.002,5.7,14.25,27.96
2005,"04","2005-04",376.505,0.78,0.25,0.19,0.57,-888.888,-888.888,-888.888,-888.88,0.005,3.15,1.283,0.4,0,1.59,-888.88,0.02,0.51,3.34,-888.88,-888.88,-888.88,0.0082,5.09,13.35,-5.99
2005,"05","2005-05",86.425,0.79,0.25,0.16,0.62,-888.888,-888.888,-888.888,-888.88,0.005,3.46,0.352,0.37,0,1.45,-888.88,0.05,0.46,3.76,-888.88,-888.88,-888.88,0.0041,5.39,11.77,3.88
2005,"06","2005-06",111.695,0.8,0.25,0.15,0.68,-888.888,-888.888,-888.888,-888.88,0.005,3.67,0.03,0.35,0,1.61,-888.88,0.08,0.45,4.18,-888.88,-888.88,-888.88,0.003,5.52,11.4,9.35
2005,"07","2005-07",39.378,0.89,0.29,0.13,0.83,-888.888,-888.888,-888.888,-888.88,0.005,4,0.01,0.35,0,1.49,-888.88,0.08,0.62,5.12,-888.88,-888.88,-888.88,0.0015,5.82,12.3,15.45
2005,"08","2005-08",63.372,0.92,0.34,0.15,0.94,-888.888,-888.888,-888.888,-888.88,0.005,3.88,0.01,0.35,0,1.95,-888.88,0.11,0.76,5.4,-888.88,-888.88,-888.88,0.001,6.01,13.06,20.58
2005,"09","2005-09",42.94,0.94,0.34,0.16,0.96,-888.888,-888.888,-888.888,-888.88,0.005,3.93,0.01,0.36,0,1.83,-888.88,0.1,0.77,5.56,-888.88,-888.88,-888.88,9e-04,6.06,13.07,21.96
2005,"10","2005-10",298.389,0.73,0.22,0.14,0.6,-888.888,-888.888,-888.888,-888.88,0.005,3.41,0.01,0.39,0,2.47,-888.88,0.1,0.43,3.9,-888.88,-888.88,-888.88,0.0058,5.24,11.54,-9.36
2005,"11","2005-11",139.47,0.79,0.25,0.12,0.66,-888.888,-888.888,-888.888,-888.88,0.005,3.42,0.122,0.37,0,1.74,-888.88,0.06,0.52,4.23,-888.88,-888.88,-888.88,0.0025,5.6,11.14,7.77
2005,"12","2005-12",62.345,0.83,0.27,0.12,0.67,-888.888,-888.888,-888.888,-888.88,0.005,3.35,0.473,0.38,0,1.57,-888.88,0.05,0.56,4.15,-888.88,-888.88,-888.88,0.0025,5.6,11.68,7.63
2006,"01","2006-01",141.42,0.82,0.25,0.12,0.64,-888.888,-888.888,-888.888,-888.88,0.005,3.19,0.893,0.37,0,1.51,-888.88,0.02,0.62,3.78,-888.88,-888.88,-888.88,0.004,5.4,11.93,4.5
2006,"02","2006-02",52.579,0.84,0.27,0.12,0.67,-888.888,-888.888,-888.888,-888.88,0.005,3.23,0.868,0.38,0,1.4,-888.88,0.03,0.62,3.97,-888.88,-888.88,-888.88,0.004,5.4,12.12,-7.51
2006,"03","2006-03",45.562,0.99,0.35,0.16,0.8,-888.888,-888.888,-888.888,-888.88,0.005,3.45,0.889,0.44,0,1.29,-888.88,0.04,0.7,4.79,-888.88,-888.88,-888.88,0.0015,5.82,12.51,15.34
2006,"04","2006-04",128.865,0.84,0.28,0.15,0.64,-888.888,0.04,-888.888,-888.88,0.005,3.16,1.088,0.42,0,1.63,0.31,0.06,0.45,3.92,-888.88,-888.88,-888.88,0.0042,5.38,12.37,5.46
2006,"05","2006-05",257.42,0.71,0.22,0.18,0.55,-888.888,0.076,-888.888,-888.88,0.005,3.11,0.399,0.36,0.001,2.17,0.19,0.1,0.4,3.55,-888.88,-888.88,-888.88,0.0058,5.24,11.49,-9.5
2006,"06","2006-06",86.142,0.79,0.26,0.18,0.69,-888.888,0.028,-888.888,-888.88,0.005,3.37,0.01,0.32,0,1.93,0.09,0.08,0.49,4.46,-888.88,-888.88,-888.88,0.0024,5.62,11.07,8.98
2006,"07","2006-07",35.469,0.87,0.3,0.14,0.86,-888.888,0.012,-888.888,-888.88,0.005,3.66,0.019,0.35,0,1.92,0.08,0.07,0.61,5.56,-888.88,-888.88,-888.88,9e-04,6.06,12.37,18.5
2006,"08","2006-08",6.76,0.96,0.37,0.15,1.11,-888.888,0.008,-888.888,-888.88,0.005,3.96,0.01,0.39,0,1.75,0.08,0.07,0.85,6.56,-888.88,-888.88,-888.88,6e-04,6.23,13.62,30.11
2006,"09","2006-09",4.311,0.99,0.42,0.23,1.28,-888.888,0.007,-888.888,-888.88,0.005,4.31,0.01,0.42,0,1.85,0.07,0.06,1.01,6.91,-888.88,-888.88,-888.88,5e-04,6.32,15.02,39.04
2006,"10","2006-10",210.579,0.79,0.27,0.2,0.65,-888.888,0.043,-888.888,-888.88,0.005,3.31,0.244,0.43,0,2.21,0.12,0.07,0.49,4.27,-888.88,-888.88,-888.88,0.0035,5.46,11.73,10.87
2006,"11","2006-11",157.223,0.75,0.23,0.17,0.59,-888.888,0.043,-888.888,-888.88,0.005,3.23,0.366,0.36,0,2.06,0.16,0.07,0.44,4.09,-888.88,-888.88,-888.88,0.0036,5.44,11.34,5.32
2006,"12","2006-12",84.393,0.8,0.27,0.15,0.66,-888.888,0.033,-888.888,-888.88,0.005,3.3,0.603,0.35,0,1.65,0.19,0.05,0.48,4.45,-888.88,-888.88,-888.88,0.0025,5.6,11.75,8.02
2007,"01","2007-01",66.446,0.82,0.27,0.14,0.64,-888.888,0.041,-888.888,-888.88,0.005,3.11,1.011,0.31,0,1.46,0.3,0.06,0.54,4.09,-888.88,-888.88,-888.88,0.0029,5.54,11.97,8.03
2007,"02","2007-02",6.06,1.03,0.41,0.16,1.01,-888.888,0.008,-888.888,-888.88,0.005,3.84,0.606,0.36,0,1.18,0.18,0.04,0.9,6.24,-888.88,-888.88,-888.88,5e-04,6.27,14.37,30.89
2007,"03","2007-03",44.998,1.03,0.38,0.16,0.83,-888.888,0.013,-888.888,-888.88,0.005,3.37,1.178,0.39,0,1.02,0.28,0.01,0.74,4.78,-888.88,-888.88,-888.88,0.0012,5.93,13.2,21.07
2007,"04","2007-04",233.051,0.76,0.24,0.16,0.51,-888.888,0.082,-888.888,-888.88,0.005,2.81,1.595,0.31,0,1.77,0.36,0.01,0.62,3.13,-888.88,-888.88,-888.88,0.0075,5.12,12.76,-5.21
2007,"05","2007-05",113.367,0.75,0.24,0.15,0.54,-888.888,0.05,-888.888,-888.88,0.005,3.09,0.633,0.29,0,1.78,0.21,0.07,0.52,3.54,-888.88,-888.88,-888.88,0.005,5.3,11.32,-1.93
2007,"06","2007-06",22.839,0.88,0.3,0.16,0.78,-888.888,0.014,-888.888,-888.88,0.005,3.56,0.082,0.33,0,1.66,0.08,0.06,0.58,5.08,-888.88,-888.88,-888.88,0.0011,5.95,12.27,15.98
2007,"07","2007-07",44.973,0.9,0.31,0.14,0.82,-888.888,0.011,-888.888,-888.88,0.005,2.97,0.077,0.26,0,1.96,0.07,0.05,0.62,5.42,-888.88,-888.88,-888.88,9e-04,6.05,12.34,19.51
2007,"08","2007-08",10.693,1.05,0.39,0.16,1.04,-888.888,0.011,-888.888,-888.88,0.005,4.11,0.061,0.38,0.001,1.88,0.08,0.07,1.06,6.92,-888.88,-888.88,-888.88,5e-04,6.32,15.36,33.68
2007,"09","2007-09",11.001,1.03,0.4,0.18,1.13,-888.888,0.008,-888.888,-888.88,0.005,3.97,0.01,0.32,0,1.97,0.07,0.07,0.92,6.6,-888.88,-888.88,-888.88,6e-04,6.2,14.35,33.46
2007,"10","2007-10",105.766,0.81,0.29,0.22,0.73,-888.888,0.024,-888.888,-888.88,0.005,3.46,0.01,0.36,0,1.53,0.06,0.05,0.51,4.9,-888.88,-888.88,-888.88,0.0022,5.65,11.65,13.18
2007,"11","2007-11",102.893,0.84,0.28,0.13,0.71,-888.888,0.018,-888.888,-888.88,0.005,3.46,0.04,0.34,0,1.18,0.06,0.05,0.53,4.89,-888.88,-888.88,-888.88,0.0015,5.83,11.26,12.29
2007,"12","2007-12",37.188,0.87,0.3,0.14,0.72,-888.888,0.025,-888.888,-888.88,0.005,3.42,0.416,0.42,0,1.15,0.13,0.03,0.55,4.62,-888.88,-888.88,-888.88,0.002,5.69,11.9,10.14
2008,"01","2008-01",79.43,0.87,0.3,0.13,0.73,-888.888,0.017,-888.888,-888.88,0.005,3.43,0.387,0.37,0,1.42,0.14,0.05,0.58,4.73,-888.88,-888.88,-888.88,0.0019,5.72,11.67,14.25
2008,"02","2008-02",62.596,0.9,0.32,0.13,0.74,-888.888,0.012,-888.888,-888.88,0.005,3.5,0.414,0.36,0,1.29,0.14,0.04,0.63,4.93,-888.88,-888.88,-888.88,0.0013,5.88,11.77,15.12
2008,"03","2008-03",75.02,0.86,0.3,0.14,0.68,-888.888,0.025,-888.888,-888.88,0.005,3.37,0.561,0.34,0,1.33,0.16,0.03,0.52,4.59,-888.88,-888.88,-888.88,0.0022,5.65,11.77,11.77
2008,"04","2008-04",368.934,0.7,0.23,0.14,0.51,-888.888,0.067,-888.888,-888.88,0.005,3.04,0.641,0.24,0,1.79,0.21,0.06,0.44,3.55,-888.88,-888.88,-888.88,0.0054,5.26,10.9,4.4
2008,"05","2008-05",70.01,0.71,0.23,0.15,0.53,-888.888,0.05,-888.888,-888.88,0.005,3.13,0.252,0.22,0,1.79,0.13,0.07,0.42,3.78,-888.88,-888.88,-888.88,0.0041,5.39,10.45,6.48
2008,"06","2008-06",38.696,0.81,0.28,0.16,0.7,-888.888,0.054,-888.888,-888.88,0.005,3.46,0.01,0.26,0,1.97,0.07,0.06,0.56,4.74,-888.88,-888.88,-888.88,0.0021,5.69,11.34,13.31
2008,"07","2008-07",57.207,0.82,0.26,0.12,0.68,-888.888,0.044,-888.888,-888.88,0.003,3.19,0.006,0.23,0.002,2.13,0.09,0.08,0.65,5.02,-888.88,-888.88,-888.88,0.002,5.7,11.49,13.3
2008,"08","2008-08",209.885,0.81,0.25,0.11,0.64,-888.888,0.042,-888.888,-888.88,0.003,3.09,0.005,0.22,0.002,2.23,0.09,0.09,0.59,4.89,-888.88,-888.88,-888.88,0.0022,5.66,11.17,11.82
2008,"09","2008-09",52.401,0.87,0.26,0.13,0.71,-888.888,0.024,-888.888,-888.88,0.001,3.44,0.004,0.27,0.004,2.13,0.09,0.09,0.85,5.13,-888.88,-888.88,-888.88,0.0015,5.83,10.97,17.47
2008,"10","2008-10",113.51,0.82,0.24,0.15,0.64,-888.888,0.034,-888.888,-888.88,0.002,3.29,0.006,0.33,0.004,1.9,0.08,0.08,0.74,4.69,-888.88,-888.88,-888.88,0.0018,5.75,10.56,14.16
2008,"11","2008-11",110.468,0.8,0.23,0.12,0.61,-888.888,0.034,-888.888,-888.88,0.004,3.28,0.003,0.35,0.004,1.46,0.08,0.08,0.52,4.47,-888.88,-888.88,-888.88,0.0022,5.66,11.05,10.73
2008,"12","2008-12",119.733,0.81,0.24,0.11,0.6,-888.888,0.028,-888.888,-888.88,0.005,3.23,0.179,0.3,0.004,1.29,0.11,0.06,0.55,4.18,-888.88,-888.88,-888.88,0.0024,5.63,11.34,11.94
2009,"01","2009-01",24.614,0.84,0.3,0.09,0.73,-888.888,0.018,-888.888,-888.88,0.004,3.38,0.137,0.3,0.005,1.43,0.1,0.08,0.65,4.98,-888.88,-888.88,-888.88,0.0017,5.78,11.46,15.07
2009,"02","2009-02",23.74,0.93,0.35,0.11,0.79,-888.888,0.009,-888.888,-888.88,0.004,3.49,0.305,0.33,0.005,1.23,0.14,0.07,0.78,5.28,-888.88,-888.88,-888.88,8e-04,6.11,12.37,21.8
2009,"03","2009-03",73.831,0.84,0.29,0.1,0.65,-888.888,0.026,-888.888,-888.88,0.005,3.25,0.48,0.33,0.004,1.42,0.17,0.06,0.7,4.39,-888.88,-888.88,-888.88,0.0021,5.68,11.47,9.14
2009,"04","2009-04",292.059,0.71,0.22,0.09,0.54,-888.888,0.066,-888.888,-888.88,0.004,3,0.448,0.26,0.003,1.76,0.17,0.06,0.61,3.67,-888.88,-888.88,-888.88,0.0043,5.36,10.57,3.82
2009,"05","2009-05",109.634,0.72,0.24,0.1,0.59,-888.888,0.052,-888.888,-888.88,0.002,3.14,0.052,0.26,0.004,1.65,0.08,0.07,0.44,4.23,-888.88,-888.88,-888.88,0.0026,5.58,10.35,8.57
2009,"06","2009-06",87.045,0.76,0.25,0.1,0.64,-888.888,0.019,-888.888,-888.88,0.002,3.18,0,0.24,0.005,1.8,0.05,0.06,0.48,4.67,-888.88,-888.88,-888.88,0.0013,5.89,10.25,11
2009,"07","2009-07",123.427,0.76,0.23,0.08,0.6,-888.888,0.021,-888.888,-888.88,0.002,3.06,0,0.22,0.005,2.04,0.06,0.06,0.47,4.9,-888.88,-888.88,-888.88,0.0017,5.77,10.29,7.21
2009,"08","2009-08",64.175,0.76,0.23,0.06,0.62,-888.888,0.042,-888.888,-888.88,0.002,3.03,0.001,0.2,0.005,2.21,0.07,0.06,0.42,5,-888.88,-888.88,-888.88,0.0026,5.58,10.7,1.85
2009,"09","2009-09",9.928,0.93,0.33,0.12,0.91,-888.888,0.007,-888.888,-888.88,0.003,3.37,0.002,0.29,0.005,1.8,0.06,0.06,0.62,6.66,-888.88,-888.88,-888.88,6e-04,6.24,11.85,25.07
2009,"10","2009-10",126.7,0.79,0.27,0.13,0.63,-888.888,0.029,-888.888,-888.88,0.002,3.03,0.006,0.28,0.005,1.91,0.07,0.07,0.47,5.18,-888.88,-888.88,-888.88,0.0015,5.82,10.34,12.4
2009,"11","2009-11",94.22,0.76,0.24,0.09,0.59,-888.888,0.029,-888.888,-888.88,0.003,2.99,0.006,0.31,0.005,1.85,0.07,0.06,0.45,4.87,-888.88,-888.88,-888.88,0.0016,5.79,9.91,10.49
2009,"12","2009-12",81.13,0.78,0.25,0.08,0.61,-888.888,0.025,-888.888,-888.88,0.004,3.01,0.043,0.3,0.005,1.7,0.08,0.07,0.48,5.02,-888.88,-888.88,-888.88,0.0017,5.77,10.41,9.85
2010,"01","2010-01",70.437,0.96,0.33,0.16,0.81,-888.888,0.015,-888.888,-888.88,0.002,3.23,0.242,0.37,0.005,1.23,0.13,0.08,0.67,5.65,-888.88,-888.88,-888.88,9e-04,6.04,11.7,18.14
2010,"02","2010-02",17.641,0.96,0.34,0.13,0.82,-888.888,0.013,-888.888,-888.88,0.002,3.21,0.172,0.31,0.005,1.26,0.11,0.07,0.94,5.98,-888.88,-888.88,-888.88,7e-04,6.15,12.08,22.79
2010,"03","2010-03",142.28,0.77,0.25,0.14,0.61,-888.888,0.066,-888.888,-888.88,0.005,2.91,0.437,0.41,0.004,1.69,0.18,0.08,0.52,4.37,-888.88,-888.88,-888.88,0.002,5.7,10.84,7.89
2010,"04","2010-04",149.407,0.71,0.23,0.13,0.56,-888.888,0.08,-888.888,-888.88,0.004,2.85,0.224,0.36,0.004,1.82,0.14,0.09,0.42,4.3,-888.88,-888.88,-888.88,0.0027,5.56,10.32,4.15
2010,"05","2010-05",45.511,0.75,0.25,0.13,0.67,-888.888,0.049,-888.888,-888.88,0.002,3.09,0.02,0.31,0.005,1.64,0.07,0.07,0.43,5.19,-888.88,-888.88,-888.88,0.0013,5.87,10.6,10.21
2010,"06","2010-06",59.851,0.75,0.26,0.14,0.66,-888.888,0.051,-888.888,-888.88,0.005,3.01,0.001,0.27,0.004,2.57,0.08,0.09,0.54,5.14,-888.88,-888.88,-888.88,0.0033,5.49,10.95,11.95
2010,"07","2010-07",49.548,0.82,0.28,0.11,0.78,-888.888,0.021,-888.888,-888.88,0.005,3.21,0.004,0.28,0.005,2.18,0.07,0.07,0.47,5.68,-888.88,-888.88,-888.88,0.001,5.98,11.67,20.74
2010,"08","2010-08",10.901,0.88,0.32,0.12,0.9,-888.888,0.013,-888.888,-888.88,0.004,3.3,0.002,0.33,0.006,1.91,0.07,0.06,0.63,6.6,-888.88,-888.88,-888.88,5e-04,6.26,12.95,29.84
2010,"09","2010-09",45.061,0.92,0.34,0.14,0.99,-888.888,0.021,-888.888,-888.88,0.003,3.47,0,0.41,0.006,1.93,0.06,0.06,0.46,6.52,-888.88,-888.88,-888.88,0.001,6.02,12.69,30.93
2010,"10","2010-10",155.308,0.81,0.29,0.14,0.77,-888.888,0.023,-888.888,-888.88,0.002,3.22,0,0.41,0.004,1.96,0.07,0.07,0.41,5.56,-888.88,-888.88,-888.88,0.0011,5.95,11.3,19.17
2010,"11","2010-11",78.275,0.76,0.25,0.11,0.66,-888.888,0.023,-888.888,-888.88,0.003,3.12,0.024,0.4,0.002,1.71,0.07,0.06,0.43,4.95,-888.88,-888.88,-888.88,0.0013,5.89,11,13.09
2010,"12","2010-12",133.47,0.72,0.24,0.11,0.57,-888.888,0.05,-888.888,-888.88,0.002,2.81,0.42,0.38,0.003,2.05,0.16,0.06,0.45,4.29,-888.88,-888.88,-888.88,0.0036,5.44,11,10
2011,"01","2011-01",12.861,0.85,0.32,0.11,0.76,-888.888,0.012,-888.888,-888.88,0.004,3.31,0.297,0.37,0.004,1.31,0.12,0.06,0.67,5.57,-888.88,-888.88,-888.88,7e-04,6.15,12.01,24.72
2011,"02","2011-02",4.181,0.94,0.39,0.13,0.97,-888.888,0.012,-888.888,-888.88,0.003,3.6,0.303,0.38,0.005,1.3,0.1,0.03,0.97,6.69,-888.88,-888.88,-888.88,4e-04,6.39,14.1,39.6
2011,"03","2011-03",105.67,0.73,0.26,0.15,0.55,-888.888,0.073,-888.888,-888.88,0.005,2.58,1.287,0.45,0.003,2,0.33,0.03,0.53,3.72,-888.88,-888.88,-888.88,0.0048,5.32,12.05,8.37
2011,"04","2011-04",341.908,0.62,0.21,0.12,0.46,-888.888,0.066,-888.888,-888.88,0.01,2.5,0.631,0.34,0.003,1.94,0.2,0.05,0.44,3.17,-888.88,-888.88,-888.88,0.0046,5.34,10.2,-1.38
2011,"05","2011-05",147.412,0.6,0.2,0.12,0.48,-888.888,0.05,-888.888,-888.88,0.004,2.57,0.224,0.28,0.005,1.93,0.11,0.07,0.39,3.46,-888.88,-888.88,-888.88,0.0037,5.44,9.27,4.92
2011,"06","2011-06",22.417,0.72,0.29,0.13,0.79,-888.888,0.013,-888.888,-888.88,0.003,2.92,0.026,0.3,0.007,4.34,0.07,0.09,0.58,5.61,-888.88,-888.88,-888.88,8e-04,6.1,11.36,21.16
2011,"07","2011-07",4.929,0.81,0.32,0.16,0.98,-888.888,0.017,-888.888,-888.88,0.005,3.19,0.072,0.31,0.006,2.36,0.07,0.07,0.8,6.65,-888.88,-888.88,-888.88,6e-04,6.22,13.04,31.69
2011,"08","2011-08",184.68,0.63,0.2,0.12,0.47,-888.888,0.087,-888.888,-888.88,0.004,2.39,0.017,0.2,0.002,3.32,0.1,0.1,0.32,4.23,-888.88,-888.88,-888.88,0.0043,5.37,9.61,-4.3
2011,"09","2011-09",93.673,0.66,0.21,0.12,0.49,-888.888,0.064,-888.888,-888.88,0.008,2.55,0.01,0.22,0.003,2.62,0.08,0.07,0.4,4.35,-888.88,-888.88,-888.88,0.0027,5.58,9.69,4.29
2011,"10","2011-10",143.466,0.64,0.2,0.13,0.49,-888.888,0.058,-888.888,-888.88,0.009,2.55,0.01,0.25,0.003,2.36,0.07,0.06,0.42,4.3,-888.88,-888.88,-888.88,0.0024,5.62,9.49,1.84
2011,"11","2011-11",73.22,0.72,0.25,0.07,0.64,-888.888,0.042,-888.888,-888.88,0.002,2.69,0.121,0.29,0.004,2.02,0.09,0.06,0.5,5.15,-888.88,-888.88,-888.88,0.0011,5.94,9.92,13.62
2011,"12","2011-12",77.138,0.68,0.23,0.05,0.64,-888.888,0.047,-888.888,-888.88,0.003,2.66,0.264,0.3,0.003,1.81,0.13,0.07,0.53,4.81,-888.88,-888.88,-888.88,0.0013,5.88,10.14,12.23
2012,"01","2012-01",33.849,0.77,0.27,0.04,0.68,-888.888,0.029,-888.888,-888.88,0.004,2.71,0.475,0.28,0.002,1.58,0.16,0.05,0.61,4.21,-888.88,-888.88,-888.88,0.0011,5.98,11.26,14.59
2012,"02","2012-02",16.505,0.84,0.31,0.08,0.75,-888.888,0.02,-888.888,-888.88,0.004,2.9,0.469,0.29,0.003,1.45,0.15,0.05,0.71,5.63,-888.88,-888.88,-888.88,6e-04,6.2,12.35,21.3
2012,"03","2012-03",154.843,0.75,0.24,0.13,0.57,-888.888,0.07,-888.888,-888.88,0.005,2.26,1.416,0.27,0.002,1.77,0.37,0.05,0.57,3.92,-888.88,-888.88,-888.88,0.0036,5.44,11.5,7.12
2012,"04","2012-04",71.625,0.71,0.22,0.16,0.57,-888.888,0.083,-888.888,-888.88,0.004,2.34,0.777,0.31,0.003,2.4,0.23,0.05,0.54,4.09,-888.88,-888.88,-888.88,0.0039,5.4,10.91,6.05
2012,"05","2012-05",159.005,0.71,0.22,0.12,0.58,-888.888,0.041,-888.888,-888.88,0.003,2.69,0.278,0.29,0.004,1.73,0.12,0.05,0.44,4.46,-888.88,-888.88,-888.88,0.0016,5.78,10.04,7.15
2012,"06","2012-06",107.859,0.66,0.22,0.13,0.61,-888.888,0.061,0.032,0.12,0.005,2.83,0.077,0.25,0.003,2.05,0.1,0.08,0.47,3.92,0.01,0.01,0.03,0.0023,5.63,10,2.71
2012,"07","2012-07",9.48,0.79,0.29,0.14,0.9,-888.888,0.022,0.017,0.08,0.005,3.2,0.024,0.28,0.005,1.7,0.07,0.07,0.69,6.62,0,0.01,0.04,5e-04,6.27,12.37,26.88
2012,"08","2012-08",56.402,0.77,0.27,0.13,0.83,-888.888,0.021,0.018,0.08,0.005,3,0.042,0.24,0.004,2.06,0.07,0.07,0.65,6.22,0,0.01,0.04,0.001,6.01,11.62,23.73
2012,"09","2012-09",57.305,0.87,0.29,0.13,0.84,-888.888,0.022,0.017,0.06,0.001,3.2,0.011,0.29,0,1.72,0.07,0.05,0.67,6.16,0,0.01,0.03,4e-04,6.4,11.51,29.28
2012,"10","2012-10",141.004,0.69,0.23,0.14,0.66,-888.888,0.033,0.023,0.08,0.002,2.91,0.01,0.33,0.004,1.9,0.06,0.06,0.51,5.16,0,0.01,0.03,0.001,6.02,10.19,16.59
2012,"11","2012-11",38.306,0.7,0.26,0.13,0.76,-888.888,0.027,0.02,0.07,0.004,2.77,0.031,0.4,0.005,1.58,0.06,0.06,0.59,5.66,0,0.01,0.03,7e-04,6.13,10.79,18.9
2012,"12","2012-12",80.664,0.67,0.25,0.12,0.68,-888.888,0.033,0.02,0.07,0.003,2.61,0.387,0.37,0.006,1.46,0.15,0.05,0.56,4.87,0,0.01,0.03,0.0011,5.96,10.56,14.52
2013,"01","2013-01",60.075,0.81,0.29,0.12,0.72,-888.888,0.035,0.024,0.07,0.016,2.67,0.577,0.37,0.001,1.49,0.19,0.04,0.65,5.21,0,0.01,0.03,9e-04,6.03,11.59,19.25
2013,"02","2013-02",22.879,0.86,0.31,0.12,0.75,-888.888,0.031,0.021,0.07,0.01,2.91,0.687,0.39,0.001,1.34,0.21,0.04,0.76,5.25,0,0.01,0.04,0.001,6.02,12.11,21.22
2013,"03","2013-03",37.993,0.88,0.33,0.13,0.79,-888.888,0.024,0.021,0.07,0.004,2.99,0.626,0.41,0,1.36,0.22,0.06,0.83,5.39,0,0.01,0.03,7e-04,6.18,12.39,24.51
2013,"04","2013-04",176.333,0.69,0.24,0.11,0.71,-888.888,0.073,0.043,0.07,0.003,2.5,0.844,0.44,0.004,1.56,0.25,0.06,0.49,4.03,0.01,0.01,0.04,0.0019,5.72,10.5,8.14
2013,"05","2013-05",108.751,0.65,0.22,0.14,0.64,-888.888,0.055,0.034,0.08,0.003,2.58,0.251,0.44,0.004,1.83,0.12,0.07,0.44,4.42,0.01,0.01,0.04,0.0015,5.81,9.7,8.43
2013,"06","2013-06",77.171,0.71,0.24,0.13,0.68,-888.888,0.042,0.026,0.09,0.004,2.71,0.031,0.44,0.004,1.84,0.05,0.08,0.53,4.96,0,0,0.04,0.001,6.01,10.19,13.44
2013,"07","2013-07",102.558,0.75,0.25,0.14,0.83,-888.888,0.05,0.033,0.09,0.004,2.69,0.03,0.33,0.002,1.9,0.05,0.09,0.6,5.53,0,0,0.03,7e-04,6.17,10.78,19.63
2013,"08","2013-08",23.913,0.83,0.28,0.14,0.91,-888.888,0.031,0.019,0.08,0.003,2.83,0.034,0.32,0.003,1.82,0.05,0.07,0.68,6.15,0,0,0.05,5e-04,6.27,11,25.37
2013,"09","2013-09",34.924,0.85,0.29,0.15,0.91,-888.888,0.034,0.024,0.08,0.003,2.86,0.033,0.29,0.002,2.07,0.06,0.06,0.59,6.15,0,0,0.03,6e-04,6.22,11.18,26.97
2013,"10","2013-10",17.012,0.88,0.36,0.38,1.04,-888.888,0.024,0.019,0.07,0.003,3.07,0.034,0.34,0.002,2.13,0.05,0.08,0.78,6.67,0,0,0.03,4e-04,6.39,12.4,40.13
2013,"11","2013-11",90.455,0.76,0.28,0.18,0.82,-888.888,0.038,0.026,0.07,0.003,2.74,0.422,0.35,0.002,1.91,0.16,0.08,0.65,5.41,0,0,0.03,0.0011,5.97,10.43,19.09
2013,"12","2013-12",47.66,0.78,0.28,0.14,0.81,-888.888,0.034,0.023,0.08,0.003,2.6,0.733,0.32,0.002,1.62,0.23,0.07,0.61,5.08,0,0.01,0.03,9e-04,6.05,10.29,17.51
2014,"01","2014-01",72.253,0.8,0.28,0.14,0.65,-888.888,0.053,0.027,0.09,0.004,2.31,1.38,0.28,0.002,1.57,0.4,0.08,0.61,4.63,0.01,0.01,0.03,0.0018,5.75,10.44,10.03
2014,"02","2014-02",10.628,0.99,0.37,0.19,0.98,-888.888,0.023,0.015,0.03,0.006,3,0.755,0.38,0.002,1.26,0.22,0.04,1.18,6.51,0,0,0.03,5e-04,6.27,12.86,37.03
2014,"03","2014-03",10.882,0.98,0.39,0.18,0.99,-888.888,0.017,0.011,0.04,0.006,2.97,0.772,0.36,0.002,1.3,0.24,0.06,1.05,6.18,0,0,0.03,5e-04,6.3,13.11,40.62
2014,"04","2014-04",248.656,0.76,0.27,0.17,0.65,-888.888,0.061,0.027,0.1,0.006,2.19,1.534,0.35,0.002,1.77,0.43,0.08,0.53,3.89,0.01,0,0.04,0.0025,5.6,9.99,8.86
2014,"05","2014-05",171.495,0.67,0.22,0.18,0.59,-888.888,0.061,0.027,0.12,0.007,2.14,0.828,0.34,0.002,2.1,0.26,0.06,0.42,3.75,0.01,0,0.03,0.0032,5.5,8.93,6.18
2014,"06","2014-06",111.176,0.79,0.28,0.15,0.78,-888.888,0.03,0.022,0.1,0.003,2.7,0.043,0.34,0.002,1.86,0.06,0.07,0.7,6,0,0,0.03,7e-04,6.14,10.27,27.76
2014,"07","2014-07",46.467,0.84,0.29,0.19,0.78,-888.888,0.035,0.029,0.12,0.005,2.52,0.03,0.32,0.002,2.76,0.1,0.1,0.83,5.89,0,0.02,0.03,7e-04,6.13,10.68,35.8
2014,"08","2014-08",41.388,0.87,0.31,0.1,0.85,-888.888,0.029,0.02,0.09,0.003,2.84,0.03,0.31,0.002,1.72,0.05,0.08,0.84,6.27,0,0,0.03,5e-04,6.33,11,40.81
2014,"09","2014-09",4.493,1,0.36,0.13,1.15,-888.888,0.019,0.009,0.07,0.007,3.19,0.03,0.36,0.002,1.54,0.05,0.06,0.99,7.44,0,0,0.03,3e-04,6.54,13.1,59.27
2014,"10","2014-10",124.901,0.77,0.29,0.14,0.76,-888.888,0.045,0.036,0.11,0.003,2.64,0.03,0.44,0.002,2.09,0.05,0.07,0.65,5.38,0,0,0.03,0.001,6.02,10.22,27.33
2014,"11","2014-11",47.303,0.74,0.25,0.14,0.67,-888.888,0.034,0.029,0.12,0.005,2.37,0.118,0.42,0.004,2.26,0.09,0.08,0.74,4.91,0,0.01,0.03,9e-04,6.07,9.77,24.41
2014,"12","2014-12",110.27,0.69,0.24,0.11,0.61,-888.888,0.039,0.025,0.1,0.003,2.43,0.254,0.39,0.002,1.62,0.13,0.07,0.55,4.65,0,0,0.04,0.0012,5.93,9.46,18.03
2015,"01","2015-01",40.397,0.77,0.27,0.13,0.68,-888.888,0.029,0.018,0.1,0.004,2.51,0.393,0.36,0.002,1.5,0.14,0.05,0.66,5.1,0,0,0.04,9e-04,6.03,10.13,21.64
2015,"02","2015-02",13.889,0.92,0.35,0.15,0.85,-888.888,0.012,0.009,0.07,0.004,2.84,0.333,0.36,0.002,1.2,0.11,0.04,0.83,6.06,0,0,0.03,6e-04,6.22,11.4,21.77
2015,"03","2015-03",8.404,1.01,0.38,0.16,0.91,-888.888,0.012,0.006,0.05,0.005,3.18,0.352,0.36,0.002,1.2,0.11,0.04,1.08,6.82,0,0,0.03,5e-04,6.33,12.43,45.54
2015,"04","2015-04",194.021,0.74,0.26,0.13,0.59,-888.888,0.06,0.03,0.13,0.011,2.26,0.905,0.4,0.002,1.7,0.27,0.06,0.58,4.19,0.01,0,0.05,0.0025,5.61,10.27,17.78
2015,"05","2015-05",80.559,0.67,0.22,0.13,0.53,-888.888,0.068,0.034,0.14,0.007,2.32,0.416,0.32,0.002,2.13,0.14,0.05,0.51,4.27,0.01,0,0.03,0.0026,5.58,9.01,17.22
2015,"06","2015-06",139.386,0.71,0.22,0.14,0.6,-888.888,0.063,0.039,0.16,0.006,2.82,0.067,0.45,0.002,2.39,0.07,0.07,0.58,4.63,0,0.01,0.04,0.0023,5.64,8.69,17.73
2015,"07","2015-07",89.686,0.63,0.19,0.13,0.62,-888.888,0.07,0.043,0.14,0.007,2.54,0.03,0.29,0.002,2.78,0.07,0.08,0.58,4.6,0.01,0.01,0.03,0.0026,5.59,9.04,15.81
2015,"08","2015-08",16.864,0.9,0.31,0.14,1.02,-888.888,0.018,0.011,0.07,0.003,2.88,0.03,0.31,0.002,1.76,0.05,0.05,0.76,6.84,0,0,0.03,5e-04,6.26,12.01,45.48
2015,"09","2015-09",33.995,0.82,0.3,0.15,1.01,-888.888,0.021,0.014,0.07,0.003,2.93,0.031,0.28,0.002,2.07,0.05,0.06,0.97,6.25,0,0.01,0.03,4e-04,6.38,12.1,46.14
2015,"10","2015-10",57.018,0.82,0.28,0.18,0.87,-888.888,0.029,0.02,0.09,0.003,2.72,0.03,0.3,0.002,2.08,0.06,0.07,0.81,5.38,0.01,0,0.03,6e-04,6.25,11.32,35.26
2015,"11","2015-11",61.072,0.8,0.25,0.14,0.76,-888.888,0.027,0.019,0.11,0.008,2.53,0.03,0.36,0.002,1.96,0.07,0.07,0.62,5.16,0,0,0.03,8e-04,6.11,10.84,25.56
2015,"12","2015-12",119.15,0.68,0.23,0.12,0.58,-888.888,0.04,0.025,0.11,0.005,2.47,0.168,0.34,0.002,1.98,0.11,0.08,0.58,5.03,0,0.01,0.03,0.0014,5.85,10.1,18.46
2016,"01","2016-01",61.518,0.64,0.2,0.11,0.64,-888.888,0.062,0.035,0.13,0.003,2.24,0.333,0.31,0.002,2.15,0.17,0.09,0.6,4.5,0.01,0.01,0.03,0.0024,5.63,10.14,14.28
2016,"02","2016-02",109.637,0.8,0.22,0.12,0.81,-888.888,0.031,0.019,0.09,0.007,2.37,0.492,0.44,0.002,1.78,0.16,0.05,0.67,4.99,0,0,0.03,0.0012,5.94,10.89,19.85
2016,"03","2016-03",133.511,0.64,0.2,0.12,0.69,-888.888,0.045,0.025,0.09,0.005,2.19,0.509,0.41,0.002,1.71,0.17,0.05,0.6,4.51,0,0,0.03,0.0017,5.77,10.03,15.64
2016,"04","2016-04",92.464,0.62,0.22,0.13,0.65,-888.888,0.047,0.029,0.12,0.003,2.2,0.439,0.42,0.002,2,0.16,0.06,0.56,4.34,0,0,0.03,0.0018,5.74,9.45,8.77
2016,"05","2016-05",86.197,0.6,0.21,0.1,0.57,-888.888,0.046,0.028,0.12,0.003,2.29,0.255,0.39,0.002,1.94,0.09,0.04,0.48,4.82,0,0,0.04,0.0016,5.79,9.46,9.7
2016,"06","2016-06",32.095,0.62,0.23,0.12,0.64,-888.888,0.054,0.036,0.13,0.003,2.43,0.171,0.44,0.002,2.49,0.09,0.06,0.59,5.33,0.01,0,0.03,0.0015,5.82,10.16,22.2
2016,"07","2016-07",6.138,0.86,0.35,0.14,0.99,-888.888,0.023,0.018,0.08,0.003,3.2,0.083,0.41,0.002,1.81,0.05,0.04,0.97,8.46,0,0,0.05,4e-04,6.41,13.85,52.27
2016,"08","2016-08",9.612,0.91,0.36,0.15,0.96,-888.888,0.034,0.018,0.1,0.003,2.95,0.077,0.35,0.002,2.37,0.09,0.1,0.82,6.91,0,0.01,0.07,5e-04,6.3,13.18,46.7
2016,"09","2016-09",2.044,1.09,0.44,0.21,1.23,-888.888,0.016,0.006,0.07,0.004,3.11,0.049,0.45,0.002,1.62,0.05,0.04,1.16,8.74,0,0,0.07,3e-04,6.54,15.7,69.32
2016,"10","2016-10",31.82,0.65,0.32,0.29,0.9,-888.888,0.037,0.022,0.11,0.009,2.77,0.03,0.48,0.002,2.69,0.12,0.11,0.82,5.56,0.01,0.01,0.03,0.001,5.99,12.43,36.87
2016,"11","2016-11",68.662,0.68,0.26,0.16,0.62,-888.888,0.037,0.017,0.1,0.004,2.48,0.036,0.46,0.002,2.22,0.07,0.09,0.6,4.96,0,0,0.03,0.001,5.99,10.36,21.17
2016,"12","2016-12",69.072,0.74,0.26,0.12,0.58,-888.888,0.035,0.017,0.1,0.005,2.41,0.108,0.4,0.002,1.84,0.08,0.08,0.65,4.92,0,0,0.03,0.0011,5.94,10.32,17.95
2017,"01","2017-01",36.743,0.79,0.28,0.11,0.62,-888.888,0.029,0.011,0.08,0.007,2.6,0.152,0.45,0.002,1.62,0.12,0.08,0.7,5.25,0,0,0.04,9e-04,6.07,11.06,14.17
2017,"02","2017-02",77.974,0.71,0.27,0.12,0.64,-888.888,0.035,0.014,0.08,0.004,2.42,0.37,0.35,0.002,1.63,0.12,0.05,0.67,4.76,0,0,0.03,0.0011,5.96,10.87,24.14
2017,"03","2017-03",55.425,0.7,0.25,0.12,0.62,-888.888,0.041,0.018,0.1,0.004,2.34,0.424,0.41,0.002,1.71,0.13,0.04,0.7,4.67,0,0,0.03,0.0013,5.89,10.24,18.84
2017,"04","2017-04",302.246,0.53,0.18,0.13,0.54,-888.888,0.091,0.035,0.17,0.004,2,0.389,0.33,0.002,2.33,0.15,0.06,0.6,3.53,0,0,0.03,0.0031,5.51,8.82,9.52
2017,"05","2017-05",128.054,0.56,0.18,0.12,0.53,-888.888,0.073,0.029,0.15,0.004,2.2,0.098,0.31,0.002,2.4,0.08,0.07,0.58,4.01,0,0,0.03,0.0023,5.64,8.51,11.63
2017,"06","2017-06",62.129,0.68,0.21,0.14,0.66,-888.888,0.044,0.021,0.11,0.004,2.51,0.033,0.33,0.002,2.08,0.05,0.07,1,4.97,0,0.01,0.04,0.001,6,9.6,20.77
2017,"07","2017-07",70.514,0.65,0.22,0.11,0.63,-888.888,0.049,0.025,0.12,0.006,2.41,0.057,0.29,0.002,2.44,0.08,0.08,1.22,5.12,0,0,0.03,5e-04,6.28,9.81,24.26
2017,"08","2017-08",3.761,1.01,0.37,0.15,1.13,-888.888,0.02,0.006,0.06,0.004,2.93,0.075,0.35,0.002,1.7,0.05,0.05,1.47,7.98,0,0,0.04,3e-04,6.46,14.42,58.96
2017,"09","2017-09",6.044,0.96,0.39,0.16,1.07,-888.888,0.028,0.015,0.08,0.003,2.9,0.138,0.35,0.002,1.88,0.05,0.03,1.06,7.13,0,0,0.03,3e-04,6.49,13.87,58.97
